﻿<?xml version="1.0" encoding="utf-8"?>
<TextureAtlas imagePath="boyfriend(scratcha).png">
	<!-- Created with Adobe Animate version 22.0.5.191 -->
	<!-- http://www.adobe.com/products/animate.html -->
	<SubTexture name="BF HEY!!0000" x="10" y="10" width="415" height="418"/>
	<SubTexture name="BF HEY!!0001" x="10" y="10" width="415" height="418"/>
	<SubTexture name="BF HEY!!0002" x="435" y="10" width="415" height="418"/>
	<SubTexture name="BF HEY!!0003" x="435" y="10" width="415" height="418"/>
	<SubTexture name="BF HEY!!0004" x="860" y="10" width="415" height="418"/>
	<SubTexture name="BF HEY!!0005" x="860" y="10" width="415" height="418"/>
	<SubTexture name="BF HEY!!0006" x="860" y="10" width="415" height="418"/>
	<SubTexture name="BF HEY!!0007" x="860" y="10" width="415" height="418"/>
	<SubTexture name="BF HEY!!0008" x="860" y="10" width="415" height="418"/>
	<SubTexture name="BF HEY!!0009" x="860" y="10" width="415" height="418"/>
	<SubTexture name="BF HEY!!0010" x="860" y="10" width="415" height="418"/>
	<SubTexture name="BF HEY!!0011" x="860" y="10" width="415" height="418"/>
	<SubTexture name="BF HEY!!0012" x="860" y="10" width="415" height="418"/>
	<SubTexture name="BF HEY!!0013" x="860" y="10" width="415" height="418"/>
	<SubTexture name="BF HEY!!0014" x="860" y="10" width="415" height="418"/>
	<SubTexture name="BF HEY!!0015" x="860" y="10" width="415" height="418"/>
	<SubTexture name="BF HEY!!0016" x="860" y="10" width="415" height="418"/>
	<SubTexture name="BF HEY!!0017" x="860" y="10" width="415" height="418"/>
	<SubTexture name="BF HEY!!0018" x="860" y="10" width="415" height="418"/>
	<SubTexture name="BF HEY!!0019" x="860" y="10" width="415" height="418"/>
	<SubTexture name="BF HEY!!0020" x="860" y="10" width="415" height="418"/>
	<SubTexture name="BF HEY!!0021" x="860" y="10" width="415" height="418"/>
	<SubTexture name="BF HEY!!0022" x="860" y="10" width="415" height="418"/>
	<SubTexture name="BF HEY!!0023" x="860" y="10" width="415" height="418"/>
	<SubTexture name="BF HEY!!0024" x="860" y="10" width="415" height="418"/>
	<SubTexture name="BF HEY!!0025" x="860" y="10" width="415" height="418"/>
	<SubTexture name="BF NOTE DOWN0000" x="1285" y="10" width="372" height="362"/>
	<SubTexture name="BF NOTE DOWN0001" x="1285" y="10" width="372" height="362"/>
	<SubTexture name="BF NOTE DOWN0002" x="1667" y="10" width="372" height="362"/>
	<SubTexture name="BF NOTE DOWN0003" x="1667" y="10" width="372" height="362"/>
	<SubTexture name="BF NOTE DOWN0004" x="2049" y="10" width="372" height="362"/>
	<SubTexture name="BF NOTE DOWN0005" x="2049" y="10" width="372" height="362"/>
	<SubTexture name="BF NOTE DOWN0006" x="2049" y="10" width="372" height="362"/>
	<SubTexture name="BF NOTE DOWN0007" x="2049" y="10" width="372" height="362"/>
	<SubTexture name="BF NOTE DOWN0008" x="2049" y="10" width="372" height="362"/>
	<SubTexture name="BF NOTE DOWN0009" x="2049" y="10" width="372" height="362"/>
	<SubTexture name="BF NOTE DOWN0010" x="2049" y="10" width="372" height="362"/>
	<SubTexture name="BF NOTE DOWN0011" x="2049" y="10" width="372" height="362"/>
	<SubTexture name="BF NOTE DOWN0012" x="2049" y="10" width="372" height="362"/>
	<SubTexture name="BF NOTE DOWN0013" x="2049" y="10" width="372" height="362"/>
	<SubTexture name="BF NOTE DOWN0014" x="2049" y="10" width="372" height="362"/>
	<SubTexture name="BF NOTE DOWN0015" x="2049" y="10" width="372" height="362"/>
	<SubTexture name="BF NOTE DOWN0016" x="2049" y="10" width="372" height="362"/>
	<SubTexture name="BF NOTE DOWN0017" x="2049" y="10" width="372" height="362"/>
	<SubTexture name="BF NOTE DOWN0018" x="2049" y="10" width="372" height="362"/>
	<SubTexture name="BF NOTE DOWN0019" x="2049" y="10" width="372" height="362"/>
	<SubTexture name="BF NOTE DOWN0020" x="2049" y="10" width="372" height="362"/>
	<SubTexture name="BF NOTE DOWN0021" x="2049" y="10" width="372" height="362"/>
	<SubTexture name="BF NOTE DOWN0022" x="2049" y="10" width="372" height="362"/>
	<SubTexture name="BF NOTE DOWN0023" x="2049" y="10" width="372" height="362"/>
	<SubTexture name="BF NOTE DOWN0024" x="2049" y="10" width="372" height="362"/>
	<SubTexture name="BF NOTE DOWN0025" x="2049" y="10" width="372" height="362"/>
	<SubTexture name="BF NOTE DOWN0026" x="2049" y="10" width="372" height="362"/>
	<SubTexture name="BF NOTE DOWN0027" x="2049" y="10" width="372" height="362"/>
	<SubTexture name="BF NOTE DOWN0028" x="2049" y="10" width="372" height="362"/>
	<SubTexture name="BF NOTE DOWN0029" x="2049" y="10" width="372" height="362"/>
	<SubTexture name="BF NOTE DOWN MISS0000" x="2431" y="10" width="378" height="392"/>
	<SubTexture name="BF NOTE DOWN MISS0001" x="2819" y="10" width="378" height="392"/>
	<SubTexture name="BF NOTE DOWN MISS0002" x="2819" y="10" width="378" height="392"/>
	<SubTexture name="BF NOTE DOWN MISS0003" x="3207" y="10" width="378" height="392"/>
	<SubTexture name="BF NOTE DOWN MISS0004" x="3207" y="10" width="378" height="392"/>
	<SubTexture name="BF NOTE DOWN MISS0005" x="3207" y="10" width="378" height="392"/>
	<SubTexture name="BF NOTE DOWN MISS0006" x="3207" y="10" width="378" height="392"/>
	<SubTexture name="BF NOTE DOWN MISS0007" x="3207" y="10" width="378" height="392"/>
	<SubTexture name="BF NOTE DOWN MISS0008" x="3207" y="10" width="378" height="392"/>
	<SubTexture name="BF NOTE DOWN MISS0009" x="3207" y="10" width="378" height="392"/>
	<SubTexture name="BF NOTE DOWN MISS0010" x="3207" y="10" width="378" height="392"/>
	<SubTexture name="BF NOTE DOWN MISS0011" x="3207" y="10" width="378" height="392"/>
	<SubTexture name="BF NOTE DOWN MISS0012" x="3207" y="10" width="378" height="392"/>
	<SubTexture name="BF NOTE DOWN MISS0013" x="3207" y="10" width="378" height="392"/>
	<SubTexture name="BF NOTE DOWN MISS0014" x="3207" y="10" width="378" height="392"/>
	<SubTexture name="BF NOTE DOWN MISS0015" x="3207" y="10" width="378" height="392"/>
	<SubTexture name="BF NOTE DOWN MISS0016" x="3207" y="10" width="378" height="392"/>
	<SubTexture name="BF NOTE DOWN MISS0017" x="3207" y="10" width="378" height="392"/>
	<SubTexture name="BF NOTE DOWN MISS0018" x="3207" y="10" width="378" height="392"/>
	<SubTexture name="BF NOTE DOWN MISS0019" x="3207" y="10" width="378" height="392"/>
	<SubTexture name="BF NOTE DOWN MISS0020" x="3207" y="10" width="378" height="392"/>
	<SubTexture name="BF NOTE DOWN MISS0021" x="3207" y="10" width="378" height="392"/>
	<SubTexture name="BF NOTE DOWN MISS0022" x="3207" y="10" width="378" height="392"/>
	<SubTexture name="BF NOTE DOWN MISS0023" x="3207" y="10" width="378" height="392"/>
	<SubTexture name="BF NOTE DOWN MISS0024" x="3207" y="10" width="378" height="392"/>
	<SubTexture name="BF NOTE DOWN MISS0025" x="3207" y="10" width="378" height="392"/>
	<SubTexture name="BF NOTE DOWN MISS0026" x="3207" y="10" width="378" height="392"/>
	<SubTexture name="BF NOTE DOWN MISS0027" x="3207" y="10" width="378" height="392"/>
	<SubTexture name="BF NOTE DOWN MISS0028" x="3207" y="10" width="378" height="392"/>
	<SubTexture name="BF NOTE LEFT0000" x="3595" y="10" width="386" height="406"/>
	<SubTexture name="BF NOTE LEFT0001" x="3595" y="10" width="386" height="406"/>
	<SubTexture name="BF NOTE LEFT0002" x="10" y="438" width="386" height="406"/>
	<SubTexture name="BF NOTE LEFT0003" x="10" y="438" width="386" height="406"/>
	<SubTexture name="BF NOTE LEFT0004" x="406" y="438" width="386" height="406"/>
	<SubTexture name="BF NOTE LEFT0005" x="406" y="438" width="386" height="406"/>
	<SubTexture name="BF NOTE LEFT0006" x="406" y="438" width="386" height="406"/>
	<SubTexture name="BF NOTE LEFT0007" x="406" y="438" width="386" height="406"/>
	<SubTexture name="BF NOTE LEFT0008" x="406" y="438" width="386" height="406"/>
	<SubTexture name="BF NOTE LEFT0009" x="406" y="438" width="386" height="406"/>
	<SubTexture name="BF NOTE LEFT0010" x="406" y="438" width="386" height="406"/>
	<SubTexture name="BF NOTE LEFT0011" x="406" y="438" width="386" height="406"/>
	<SubTexture name="BF NOTE LEFT0012" x="406" y="438" width="386" height="406"/>
	<SubTexture name="BF NOTE LEFT0013" x="406" y="438" width="386" height="406"/>
	<SubTexture name="BF NOTE LEFT MISS0000" x="802" y="438" width="384" height="432"/>
	<SubTexture name="BF NOTE LEFT MISS0001" x="1196" y="438" width="384" height="432"/>
	<SubTexture name="BF NOTE LEFT MISS0002" x="1196" y="438" width="384" height="432"/>
	<SubTexture name="BF NOTE LEFT MISS0003" x="1590" y="438" width="384" height="432"/>
	<SubTexture name="BF NOTE LEFT MISS0004" x="1590" y="438" width="384" height="432"/>
	<SubTexture name="BF NOTE LEFT MISS0005" x="1590" y="438" width="384" height="432"/>
	<SubTexture name="BF NOTE LEFT MISS0006" x="1590" y="438" width="384" height="432"/>
	<SubTexture name="BF NOTE LEFT MISS0007" x="1590" y="438" width="384" height="432"/>
	<SubTexture name="BF NOTE LEFT MISS0008" x="1590" y="438" width="384" height="432"/>
	<SubTexture name="BF NOTE LEFT MISS0009" x="1590" y="438" width="384" height="432"/>
	<SubTexture name="BF NOTE LEFT MISS0010" x="1590" y="438" width="384" height="432"/>
	<SubTexture name="BF NOTE LEFT MISS0011" x="1590" y="438" width="384" height="432"/>
	<SubTexture name="BF NOTE LEFT MISS0012" x="1590" y="438" width="384" height="432"/>
	<SubTexture name="BF NOTE LEFT MISS0013" x="1590" y="438" width="384" height="432"/>
	<SubTexture name="BF NOTE LEFT MISS0014" x="1590" y="438" width="384" height="432"/>
	<SubTexture name="BF NOTE LEFT MISS0015" x="1590" y="438" width="384" height="432"/>
	<SubTexture name="BF NOTE LEFT MISS0016" x="1590" y="438" width="384" height="432"/>
	<SubTexture name="BF NOTE LEFT MISS0017" x="1590" y="438" width="384" height="432"/>
	<SubTexture name="BF NOTE LEFT MISS0018" x="1590" y="438" width="384" height="432"/>
	<SubTexture name="BF NOTE LEFT MISS0019" x="1590" y="438" width="384" height="432"/>
	<SubTexture name="BF NOTE LEFT MISS0020" x="1590" y="438" width="384" height="432"/>
	<SubTexture name="BF NOTE LEFT MISS0021" x="1590" y="438" width="384" height="432"/>
	<SubTexture name="BF NOTE LEFT MISS0022" x="1590" y="438" width="384" height="432"/>
	<SubTexture name="BF NOTE LEFT MISS0023" x="1590" y="438" width="384" height="432"/>
	<SubTexture name="BF NOTE LEFT MISS0024" x="1590" y="438" width="384" height="432"/>
	<SubTexture name="BF NOTE LEFT MISS0025" x="1590" y="438" width="384" height="432"/>
	<SubTexture name="BF NOTE LEFT MISS0026" x="1590" y="438" width="384" height="432"/>
	<SubTexture name="BF NOTE LEFT MISS0027" x="1590" y="438" width="384" height="432"/>
	<SubTexture name="BF NOTE LEFT MISS0028" x="1590" y="438" width="384" height="432"/>
	<SubTexture name="BF NOTE LEFT MISS0029" x="1590" y="438" width="384" height="432"/>
	<SubTexture name="BF NOTE LEFT MISS0030" x="1590" y="438" width="384" height="432"/>
	<SubTexture name="BF NOTE LEFT MISS0031" x="1590" y="438" width="384" height="432"/>
	<SubTexture name="BF NOTE LEFT MISS0032" x="1590" y="438" width="384" height="432"/>
	<SubTexture name="BF NOTE LEFT MISS0033" x="1590" y="438" width="384" height="432"/>
	<SubTexture name="BF NOTE RIGHT0000" x="1984" y="438" width="424" height="408"/>
	<SubTexture name="BF NOTE RIGHT0001" x="1984" y="438" width="424" height="408"/>
	<SubTexture name="BF NOTE RIGHT0002" x="2418" y="438" width="424" height="408"/>
	<SubTexture name="BF NOTE RIGHT0003" x="2418" y="438" width="424" height="408"/>
	<SubTexture name="BF NOTE RIGHT0004" x="2852" y="438" width="424" height="408"/>
	<SubTexture name="BF NOTE RIGHT0005" x="2852" y="438" width="424" height="408"/>
	<SubTexture name="BF NOTE RIGHT0006" x="2852" y="438" width="424" height="408"/>
	<SubTexture name="BF NOTE RIGHT0007" x="2852" y="438" width="424" height="408"/>
	<SubTexture name="BF NOTE RIGHT0008" x="2852" y="438" width="424" height="408"/>
	<SubTexture name="BF NOTE RIGHT0009" x="2852" y="438" width="424" height="408"/>
	<SubTexture name="BF NOTE RIGHT0010" x="2852" y="438" width="424" height="408"/>
	<SubTexture name="BF NOTE RIGHT0011" x="2852" y="438" width="424" height="408"/>
	<SubTexture name="BF NOTE RIGHT0012" x="2852" y="438" width="424" height="408"/>
	<SubTexture name="BF NOTE RIGHT0013" x="2852" y="438" width="424" height="408"/>
	<SubTexture name="BF NOTE RIGHT0014" x="2852" y="438" width="424" height="408"/>
	<SubTexture name="BF NOTE RIGHT0015" x="2852" y="438" width="424" height="408"/>
	<SubTexture name="BF NOTE RIGHT0016" x="2852" y="438" width="424" height="408"/>
	<SubTexture name="BF NOTE RIGHT0017" x="2852" y="438" width="424" height="408"/>
	<SubTexture name="BF NOTE RIGHT0018" x="2852" y="438" width="424" height="408"/>
	<SubTexture name="BF NOTE RIGHT0019" x="2852" y="438" width="424" height="408"/>
	<SubTexture name="BF NOTE RIGHT0020" x="2852" y="438" width="424" height="408"/>
	<SubTexture name="BF NOTE RIGHT0021" x="2852" y="438" width="424" height="408"/>
	<SubTexture name="BF NOTE RIGHT0022" x="2852" y="438" width="424" height="408"/>
	<SubTexture name="BF NOTE RIGHT0023" x="2852" y="438" width="424" height="408"/>
	<SubTexture name="BF NOTE RIGHT0024" x="2852" y="438" width="424" height="408"/>
	<SubTexture name="BF NOTE RIGHT0025" x="2852" y="438" width="424" height="408"/>
	<SubTexture name="BF NOTE RIGHT0026" x="2852" y="438" width="424" height="408"/>
	<SubTexture name="BF NOTE RIGHT0027" x="2852" y="438" width="424" height="408"/>
	<SubTexture name="BF NOTE RIGHT0028" x="2852" y="438" width="424" height="408"/>
	<SubTexture name="BF NOTE RIGHT0029" x="2852" y="438" width="424" height="408"/>
	<SubTexture name="BF NOTE RIGHT0030" x="2852" y="438" width="424" height="408"/>
	<SubTexture name="BF NOTE RIGHT0031" x="2852" y="438" width="424" height="408"/>
	<SubTexture name="BF NOTE RIGHT0032" x="2852" y="438" width="424" height="408"/>
	<SubTexture name="BF NOTE RIGHT0033" x="2852" y="438" width="424" height="408"/>
	<SubTexture name="BF NOTE RIGHT0034" x="2852" y="438" width="424" height="408"/>
	<SubTexture name="BF NOTE RIGHT0035" x="2852" y="438" width="424" height="408"/>
	<SubTexture name="BF NOTE RIGHT0036" x="2852" y="438" width="424" height="408"/>
	<SubTexture name="BF NOTE RIGHT0037" x="2852" y="438" width="424" height="408"/>
	<SubTexture name="BF NOTE RIGHT0038" x="2852" y="438" width="424" height="408"/>
	<SubTexture name="BF NOTE RIGHT0039" x="2852" y="438" width="424" height="408"/>
	<SubTexture name="BF NOTE RIGHT0040" x="2852" y="438" width="424" height="408"/>
	<SubTexture name="BF NOTE RIGHT0041" x="2852" y="438" width="424" height="408"/>
	<SubTexture name="BF NOTE RIGHT0042" x="2852" y="438" width="424" height="408"/>
	<SubTexture name="BF NOTE RIGHT0043" x="2852" y="438" width="424" height="408"/>
	<SubTexture name="BF NOTE RIGHT0044" x="2852" y="438" width="424" height="408"/>
	<SubTexture name="BF NOTE RIGHT0045" x="2852" y="438" width="424" height="408"/>
	<SubTexture name="BF NOTE RIGHT0046" x="2852" y="438" width="424" height="408"/>
	<SubTexture name="BF NOTE RIGHT0047" x="2852" y="438" width="424" height="408"/>
	<SubTexture name="BF NOTE RIGHT0048" x="2852" y="438" width="424" height="408"/>
	<SubTexture name="BF NOTE RIGHT0049" x="2852" y="438" width="424" height="408"/>
	<SubTexture name="BF NOTE RIGHT0050" x="2852" y="438" width="424" height="408"/>
	<SubTexture name="BF NOTE RIGHT0051" x="2852" y="438" width="424" height="408"/>
	<SubTexture name="BF NOTE RIGHT0052" x="2852" y="438" width="424" height="408"/>
	<SubTexture name="BF NOTE RIGHT0053" x="2852" y="438" width="424" height="408"/>
	<SubTexture name="BF NOTE RIGHT0054" x="2852" y="438" width="424" height="408"/>
	<SubTexture name="BF NOTE RIGHT0055" x="2852" y="438" width="424" height="408"/>
	<SubTexture name="BF NOTE RIGHT0056" x="2852" y="438" width="424" height="408"/>
	<SubTexture name="BF NOTE RIGHT0057" x="2852" y="438" width="424" height="408"/>
	<SubTexture name="BF NOTE RIGHT0058" x="2852" y="438" width="424" height="408"/>
	<SubTexture name="BF NOTE RIGHT0059" x="2852" y="438" width="424" height="408"/>
	<SubTexture name="BF NOTE RIGHT0060" x="2852" y="438" width="424" height="408"/>
	<SubTexture name="BF NOTE RIGHT0061" x="2852" y="438" width="424" height="408"/>
	<SubTexture name="BF NOTE RIGHT MISS0000" x="3286" y="438" width="415" height="435"/>
	<SubTexture name="BF NOTE RIGHT MISS0001" x="10" y="883" width="415" height="435"/>
	<SubTexture name="BF NOTE RIGHT MISS0002" x="10" y="883" width="415" height="435"/>
	<SubTexture name="BF NOTE RIGHT MISS0003" x="435" y="883" width="415" height="435"/>
	<SubTexture name="BF NOTE RIGHT MISS0004" x="435" y="883" width="415" height="435"/>
	<SubTexture name="BF NOTE RIGHT MISS0005" x="435" y="883" width="415" height="435"/>
	<SubTexture name="BF NOTE RIGHT MISS0006" x="435" y="883" width="415" height="435"/>
	<SubTexture name="BF NOTE RIGHT MISS0007" x="435" y="883" width="415" height="435"/>
	<SubTexture name="BF NOTE RIGHT MISS0008" x="435" y="883" width="415" height="435"/>
	<SubTexture name="BF NOTE RIGHT MISS0009" x="435" y="883" width="415" height="435"/>
	<SubTexture name="BF NOTE RIGHT MISS0010" x="435" y="883" width="415" height="435"/>
	<SubTexture name="BF NOTE RIGHT MISS0011" x="435" y="883" width="415" height="435"/>
	<SubTexture name="BF NOTE RIGHT MISS0012" x="435" y="883" width="415" height="435"/>
	<SubTexture name="BF NOTE RIGHT MISS0013" x="435" y="883" width="415" height="435"/>
	<SubTexture name="BF NOTE RIGHT MISS0014" x="435" y="883" width="415" height="435"/>
	<SubTexture name="BF NOTE RIGHT MISS0015" x="435" y="883" width="415" height="435"/>
	<SubTexture name="BF NOTE RIGHT MISS0016" x="435" y="883" width="415" height="435"/>
	<SubTexture name="BF NOTE RIGHT MISS0017" x="435" y="883" width="415" height="435"/>
	<SubTexture name="BF NOTE RIGHT MISS0018" x="435" y="883" width="415" height="435"/>
	<SubTexture name="BF NOTE RIGHT MISS0019" x="435" y="883" width="415" height="435"/>
	<SubTexture name="BF NOTE RIGHT MISS0020" x="435" y="883" width="415" height="435"/>
	<SubTexture name="BF NOTE RIGHT MISS0021" x="435" y="883" width="415" height="435"/>
	<SubTexture name="BF NOTE RIGHT MISS0022" x="435" y="883" width="415" height="435"/>
	<SubTexture name="BF NOTE RIGHT MISS0023" x="435" y="883" width="415" height="435"/>
	<SubTexture name="BF NOTE RIGHT MISS0024" x="435" y="883" width="415" height="435"/>
	<SubTexture name="BF NOTE RIGHT MISS0025" x="435" y="883" width="415" height="435"/>
	<SubTexture name="BF NOTE RIGHT MISS0026" x="435" y="883" width="415" height="435"/>
	<SubTexture name="BF NOTE RIGHT MISS0027" x="435" y="883" width="415" height="435"/>
	<SubTexture name="BF NOTE RIGHT MISS0028" x="435" y="883" width="415" height="435"/>
	<SubTexture name="BF NOTE RIGHT MISS0029" x="435" y="883" width="415" height="435"/>
	<SubTexture name="BF NOTE RIGHT MISS0030" x="435" y="883" width="415" height="435"/>
	<SubTexture name="BF NOTE RIGHT MISS0031" x="435" y="883" width="415" height="435"/>
	<SubTexture name="BF NOTE RIGHT MISS0032" x="435" y="883" width="415" height="435"/>
	<SubTexture name="BF NOTE RIGHT MISS0033" x="435" y="883" width="415" height="435"/>
	<SubTexture name="BF NOTE RIGHT MISS0034" x="435" y="883" width="415" height="435"/>
	<SubTexture name="BF NOTE RIGHT MISS0035" x="435" y="883" width="415" height="435"/>
	<SubTexture name="BF NOTE RIGHT MISS0036" x="435" y="883" width="415" height="435"/>
	<SubTexture name="BF NOTE RIGHT MISS0037" x="435" y="883" width="415" height="435"/>
	<SubTexture name="BF NOTE RIGHT MISS0038" x="435" y="883" width="415" height="435"/>
	<SubTexture name="BF NOTE RIGHT MISS0039" x="435" y="883" width="415" height="435"/>
	<SubTexture name="BF NOTE RIGHT MISS0040" x="435" y="883" width="415" height="435"/>
	<SubTexture name="BF NOTE RIGHT MISS0041" x="435" y="883" width="415" height="435"/>
	<SubTexture name="BF NOTE RIGHT MISS0042" x="435" y="883" width="415" height="435"/>
	<SubTexture name="BF NOTE RIGHT MISS0043" x="435" y="883" width="415" height="435"/>
	<SubTexture name="BF NOTE RIGHT MISS0044" x="435" y="883" width="415" height="435"/>
	<SubTexture name="BF NOTE RIGHT MISS0045" x="435" y="883" width="415" height="435"/>
	<SubTexture name="BF NOTE UP0000" x="860" y="883" width="379" height="451"/>
	<SubTexture name="BF NOTE UP0001" x="860" y="883" width="379" height="451"/>
	<SubTexture name="BF NOTE UP0002" x="1249" y="883" width="379" height="451"/>
	<SubTexture name="BF NOTE UP0003" x="1249" y="883" width="379" height="451"/>
	<SubTexture name="BF NOTE UP0004" x="1638" y="883" width="379" height="451"/>
	<SubTexture name="BF NOTE UP0005" x="1638" y="883" width="379" height="451"/>
	<SubTexture name="BF NOTE UP0006" x="1638" y="883" width="379" height="451"/>
	<SubTexture name="BF NOTE UP0007" x="1638" y="883" width="379" height="451"/>
	<SubTexture name="BF NOTE UP0008" x="1638" y="883" width="379" height="451"/>
	<SubTexture name="BF NOTE UP0009" x="1638" y="883" width="379" height="451"/>
	<SubTexture name="BF NOTE UP0010" x="1638" y="883" width="379" height="451"/>
	<SubTexture name="BF NOTE UP0011" x="1638" y="883" width="379" height="451"/>
	<SubTexture name="BF NOTE UP0012" x="1638" y="883" width="379" height="451"/>
	<SubTexture name="BF NOTE UP0013" x="1638" y="883" width="379" height="451"/>
	<SubTexture name="BF NOTE UP0014" x="1638" y="883" width="379" height="451"/>
	<SubTexture name="BF NOTE UP MISS0000" x="2027" y="883" width="378" height="446"/>
	<SubTexture name="BF NOTE UP MISS0001" x="2415" y="883" width="378" height="446"/>
	<SubTexture name="BF NOTE UP MISS0002" x="2415" y="883" width="378" height="446"/>
	<SubTexture name="BF NOTE UP MISS0003" x="2803" y="883" width="378" height="446"/>
	<SubTexture name="BF NOTE UP MISS0004" x="2803" y="883" width="378" height="446"/>
	<SubTexture name="BF NOTE UP MISS0005" x="2803" y="883" width="378" height="446"/>
	<SubTexture name="BF NOTE UP MISS0006" x="2803" y="883" width="378" height="446"/>
	<SubTexture name="BF NOTE UP MISS0007" x="2803" y="883" width="378" height="446"/>
	<SubTexture name="BF NOTE UP MISS0008" x="2803" y="883" width="378" height="446"/>
	<SubTexture name="BF NOTE UP MISS0009" x="2803" y="883" width="378" height="446"/>
	<SubTexture name="BF NOTE UP MISS0010" x="2803" y="883" width="378" height="446"/>
	<SubTexture name="BF NOTE UP MISS0011" x="2803" y="883" width="378" height="446"/>
	<SubTexture name="BF NOTE UP MISS0012" x="2803" y="883" width="378" height="446"/>
	<SubTexture name="BF NOTE UP MISS0013" x="2803" y="883" width="378" height="446"/>
	<SubTexture name="BF NOTE UP MISS0014" x="2803" y="883" width="378" height="446"/>
	<SubTexture name="BF NOTE UP MISS0015" x="2803" y="883" width="378" height="446"/>
	<SubTexture name="BF NOTE UP MISS0016" x="2803" y="883" width="378" height="446"/>
	<SubTexture name="BF NOTE UP MISS0017" x="2803" y="883" width="378" height="446"/>
	<SubTexture name="BF NOTE UP MISS0018" x="2803" y="883" width="378" height="446"/>
	<SubTexture name="BF NOTE UP MISS0019" x="2803" y="883" width="378" height="446"/>
	<SubTexture name="BF NOTE UP MISS0020" x="2803" y="883" width="378" height="446"/>
	<SubTexture name="BF NOTE UP MISS0021" x="2803" y="883" width="378" height="446"/>
	<SubTexture name="BF NOTE UP MISS0022" x="2803" y="883" width="378" height="446"/>
	<SubTexture name="BF NOTE UP MISS0023" x="2803" y="883" width="378" height="446"/>
	<SubTexture name="BF idle dance0000" x="3191" y="883" width="412" height="416"/>
	<SubTexture name="BF idle dance0001" x="3191" y="883" width="412" height="416"/>
	<SubTexture name="BF idle dance0002" x="3613" y="883" width="412" height="416"/>
	<SubTexture name="BF idle dance0003" x="3613" y="883" width="412" height="416"/>
	<SubTexture name="BF idle dance0004" x="10" y="1344" width="412" height="416"/>
	<SubTexture name="BF idle dance0005" x="10" y="1344" width="412" height="416"/>
	<SubTexture name="BF idle dance0006" x="432" y="1344" width="412" height="416"/>
	<SubTexture name="BF idle dance0007" x="432" y="1344" width="412" height="416"/>
	<SubTexture name="BF idle dance0008" x="854" y="1344" width="412" height="416"/>
	<SubTexture name="BF idle dance0009" x="854" y="1344" width="412" height="416"/>
	<SubTexture name="BF idle dance0010" x="854" y="1344" width="412" height="416"/>
	<SubTexture name="BF idle dance0011" x="854" y="1344" width="412" height="416"/>
	<SubTexture name="BF idle dance0012" x="854" y="1344" width="412" height="416"/>
	<SubTexture name="BF idle dance0013" x="854" y="1344" width="412" height="416"/>
</TextureAtlas>
