﻿<?xml version="1.0" encoding="utf-8"?>
<TextureAtlas imagePath="scratch cat.png">
	<!-- Created with Adobe Animate version 22.0.5.191 -->
	<!-- http://www.adobe.com/products/animate.html -->
	<SubTexture name="MEOW0000" x="10" y="10" width="387" height="498"/>
	<SubTexture name="MEOW0001" x="10" y="10" width="387" height="498"/>
	<SubTexture name="MEOW0002" x="407" y="10" width="387" height="498"/>
	<SubTexture name="MEOW0003" x="407" y="10" width="387" height="498"/>
	<SubTexture name="MEOW0004" x="804" y="10" width="387" height="498"/>
	<SubTexture name="MEOW0005" x="804" y="10" width="387" height="498"/>
	<SubTexture name="MEOW0006" x="1201" y="10" width="387" height="498"/>
	<SubTexture name="MEOW0007" x="1201" y="10" width="387" height="498"/>
	<SubTexture name="MEOW0008" x="1598" y="10" width="387" height="498"/>
	<SubTexture name="MEOW0009" x="1598" y="10" width="387" height="498"/>
	<SubTexture name="MEOW0010" x="1995" y="10" width="387" height="498"/>
	<SubTexture name="MEOW0011" x="1995" y="10" width="387" height="498"/>
	<SubTexture name="MEOW0012" x="2392" y="10" width="387" height="498"/>
	<SubTexture name="MEOW0013" x="2392" y="10" width="387" height="498"/>
	<SubTexture name="MEOW0014" x="2789" y="10" width="387" height="498"/>
	<SubTexture name="MEOW0015" x="3186" y="10" width="387" height="498"/>
	<SubTexture name="MEOW0016" x="3186" y="10" width="387" height="498"/>
	<SubTexture name="MEOW0017" x="3583" y="10" width="387" height="498"/>
	<SubTexture name="MEOW0018" x="3583" y="10" width="387" height="498"/>
	<SubTexture name="MEOW0019" x="10" y="518" width="387" height="498"/>
	<SubTexture name="MEOW0020" x="10" y="518" width="387" height="498"/>
	<SubTexture name="MEOW0021" x="407" y="518" width="387" height="498"/>
	<SubTexture name="MEOW0022" x="407" y="518" width="387" height="498"/>
	<SubTexture name="MEOW0023" x="407" y="518" width="387" height="498"/>
	<SubTexture name="MEOW0024" x="407" y="518" width="387" height="498"/>
	<SubTexture name="MEOW0025" x="407" y="518" width="387" height="498"/>
	<SubTexture name="MEOW0026" x="407" y="518" width="387" height="498"/>
	<SubTexture name="MEOW0027" x="407" y="518" width="387" height="498"/>
	<SubTexture name="MEOW0028" x="407" y="518" width="387" height="498"/>
	<SubTexture name="MEOW0029" x="407" y="518" width="387" height="498"/>
	<SubTexture name="MEOW0030" x="407" y="518" width="387" height="498"/>
	<SubTexture name="MEOW0031" x="407" y="518" width="387" height="498"/>
	<SubTexture name="MEOW0032" x="407" y="518" width="387" height="498"/>
	<SubTexture name="MEOW0033" x="407" y="518" width="387" height="498"/>
	<SubTexture name="MEOW0034" x="407" y="518" width="387" height="498"/>
	<SubTexture name="MEOW0035" x="407" y="518" width="387" height="498"/>
	<SubTexture name="MEOW0036" x="407" y="518" width="387" height="498"/>
	<SubTexture name="MEOW0037" x="407" y="518" width="387" height="498"/>
	<SubTexture name="MEOW0038" x="407" y="518" width="387" height="498"/>
	<SubTexture name="MEOW0039" x="407" y="518" width="387" height="498"/>
	<SubTexture name="MEOW0040" x="407" y="518" width="387" height="498"/>
	<SubTexture name="MEOW0041" x="407" y="518" width="387" height="498"/>
	<SubTexture name="MEOW0042" x="407" y="518" width="387" height="498"/>
	<SubTexture name="MEOW0043" x="407" y="518" width="387" height="498"/>
	<SubTexture name="MEOW0044" x="407" y="518" width="387" height="498"/>
	<SubTexture name="MEOW0045" x="407" y="518" width="387" height="498"/>
	<SubTexture name="MEOW0046" x="407" y="518" width="387" height="498"/>
	<SubTexture name="MEOW0047" x="407" y="518" width="387" height="498"/>
	<SubTexture name="MEOW0048" x="407" y="518" width="387" height="498"/>
	<SubTexture name="MEOW0049" x="407" y="518" width="387" height="498"/>
	<SubTexture name="MEOW0050" x="407" y="518" width="387" height="498"/>
	<SubTexture name="MEOW0051" x="407" y="518" width="387" height="498"/>
	<SubTexture name="MEOW0052" x="407" y="518" width="387" height="498"/>
	<SubTexture name="MEOW0053" x="407" y="518" width="387" height="498"/>
	<SubTexture name="MEOW0054" x="407" y="518" width="387" height="498"/>
	<SubTexture name="MEOW0055" x="407" y="518" width="387" height="498"/>
	<SubTexture name="MEOW0056" x="407" y="518" width="387" height="498"/>
	<SubTexture name="MEOW0057" x="407" y="518" width="387" height="498"/>
	<SubTexture name="MEOW0058" x="407" y="518" width="387" height="498"/>
	<SubTexture name="MEOW0059" x="407" y="518" width="387" height="498"/>
	<SubTexture name="MEOW0060" x="407" y="518" width="387" height="498"/>
	<SubTexture name="MEOW0061" x="407" y="518" width="387" height="498"/>
	<SubTexture name="MEOW0062" x="407" y="518" width="387" height="498"/>
	<SubTexture name="MEOW0063" x="407" y="518" width="387" height="498"/>
	<SubTexture name="MEOW0064" x="407" y="518" width="387" height="498"/>
	<SubTexture name="MEOW0065" x="407" y="518" width="387" height="498"/>
	<SubTexture name="MEOW0066" x="407" y="518" width="387" height="498"/>
	<SubTexture name="MEOW0067" x="407" y="518" width="387" height="498"/>
	<SubTexture name="MEOW0068" x="407" y="518" width="387" height="498"/>
	<SubTexture name="MEOW0069" x="407" y="518" width="387" height="498"/>
	<SubTexture name="MEOW0070" x="407" y="518" width="387" height="498"/>
	<SubTexture name="MEOW0071" x="407" y="518" width="387" height="498"/>
	<SubTexture name="MEOW0072" x="407" y="518" width="387" height="498"/>
	<SubTexture name="MEOW0073" x="407" y="518" width="387" height="498"/>
	<SubTexture name="MEOW0074" x="407" y="518" width="387" height="498"/>
	<SubTexture name="MEOW0075" x="407" y="518" width="387" height="498"/>
	<SubTexture name="MEOW0076" x="407" y="518" width="387" height="498"/>
	<SubTexture name="MEOW0077" x="407" y="518" width="387" height="498"/>
	<SubTexture name="MEOW0078" x="407" y="518" width="387" height="498"/>
	<SubTexture name="MEOW0079" x="407" y="518" width="387" height="498"/>
	<SubTexture name="MEOW0080" x="407" y="518" width="387" height="498"/>
	<SubTexture name="MEOW0081" x="407" y="518" width="387" height="498"/>
	<SubTexture name="MEOW0082" x="407" y="518" width="387" height="498"/>
	<SubTexture name="MEOW0083" x="407" y="518" width="387" height="498"/>
	<SubTexture name="MEOW0084" x="407" y="518" width="387" height="498"/>
	<SubTexture name="MEOW0085" x="407" y="518" width="387" height="498"/>
	<SubTexture name="MEOW0086" x="407" y="518" width="387" height="498"/>
	<SubTexture name="MEOW0087" x="407" y="518" width="387" height="498"/>
	<SubTexture name="MEOW0088" x="407" y="518" width="387" height="498"/>
	<SubTexture name="MEOW0089" x="407" y="518" width="387" height="498"/>
	<SubTexture name="MEOW0090" x="407" y="518" width="387" height="498"/>
	<SubTexture name="MEOW0091" x="407" y="518" width="387" height="498"/>
	<SubTexture name="MEOW0092" x="407" y="518" width="387" height="498"/>
	<SubTexture name="MEOW0093" x="407" y="518" width="387" height="498"/>
	<SubTexture name="MEOW0094" x="407" y="518" width="387" height="498"/>
	<SubTexture name="MEOW0095" x="407" y="518" width="387" height="498"/>
	<SubTexture name="SCRATCH CAT DOWN0000" x="804" y="518" width="450" height="382"/>
	<SubTexture name="SCRATCH CAT DOWN0001" x="804" y="518" width="450" height="382"/>
	<SubTexture name="SCRATCH CAT DOWN0002" x="1264" y="518" width="450" height="382"/>
	<SubTexture name="SCRATCH CAT DOWN0003" x="1264" y="518" width="450" height="382"/>
	<SubTexture name="SCRATCH CAT DOWN0004" x="1724" y="518" width="450" height="382"/>
	<SubTexture name="SCRATCH CAT DOWN0005" x="1724" y="518" width="450" height="382"/>
	<SubTexture name="SCRATCH CAT DOWN0006" x="1724" y="518" width="450" height="382"/>
	<SubTexture name="SCRATCH CAT DOWN0007" x="1724" y="518" width="450" height="382"/>
	<SubTexture name="SCRATCH CAT DOWN0008" x="1724" y="518" width="450" height="382"/>
	<SubTexture name="SCRATCH CAT DOWN0009" x="1724" y="518" width="450" height="382"/>
	<SubTexture name="SCRATCH CAT DOWN0010" x="1724" y="518" width="450" height="382"/>
	<SubTexture name="SCRATCH CAT DOWN0011" x="1724" y="518" width="450" height="382"/>
	<SubTexture name="SCRATCH CAT DOWN0012" x="1724" y="518" width="450" height="382"/>
	<SubTexture name="SCRATCH CAT DOWN0013" x="1724" y="518" width="450" height="382"/>
	<SubTexture name="SCRATCH CAT IDLE0000" x="2184" y="518" width="386" height="494"/>
	<SubTexture name="SCRATCH CAT IDLE0001" x="2184" y="518" width="386" height="494"/>
	<SubTexture name="SCRATCH CAT IDLE0002" x="2580" y="518" width="386" height="494"/>
	<SubTexture name="SCRATCH CAT IDLE0003" x="2580" y="518" width="386" height="494"/>
	<SubTexture name="SCRATCH CAT IDLE0004" x="2976" y="518" width="386" height="494"/>
	<SubTexture name="SCRATCH CAT IDLE0005" x="2976" y="518" width="386" height="494"/>
	<SubTexture name="SCRATCH CAT IDLE0006" x="3372" y="518" width="386" height="494"/>
	<SubTexture name="SCRATCH CAT IDLE0007" x="3372" y="518" width="386" height="494"/>
	<SubTexture name="SCRATCH CAT IDLE0008" x="10" y="1026" width="386" height="494"/>
	<SubTexture name="SCRATCH CAT IDLE0009" x="10" y="1026" width="386" height="494"/>
	<SubTexture name="SCRATCH CAT IDLE0010" x="10" y="1026" width="386" height="494"/>
	<SubTexture name="SCRATCH CAT IDLE0011" x="406" y="1026" width="386" height="494"/>
	<SubTexture name="SCRATCH CAT IDLE0012" x="406" y="1026" width="386" height="494"/>
	<SubTexture name="SCRATCH CAT IDLE0013" x="406" y="1026" width="386" height="494"/>
	<SubTexture name="SCRATCH CAT IDLE0014" x="802" y="1026" width="386" height="494"/>
	<SubTexture name="SCRATCH CAT IDLE0015" x="802" y="1026" width="386" height="494"/>
	<SubTexture name="SCRATCH CAT IDLE0016" x="1198" y="1026" width="386" height="494"/>
	<SubTexture name="SCRATCH CAT IDLE0017" x="1198" y="1026" width="386" height="494"/>
	<SubTexture name="SCRATCH CAT IDLE0018" x="1594" y="1026" width="386" height="494"/>
	<SubTexture name="SCRATCH CAT IDLE0019" x="1594" y="1026" width="386" height="494"/>
	<SubTexture name="SCRATCH CAT IDLE0020" x="1990" y="1026" width="386" height="494"/>
	<SubTexture name="SCRATCH CAT IDLE0021" x="1990" y="1026" width="386" height="494"/>
	<SubTexture name="SCRATCH CAT IDLE0022" x="2386" y="1026" width="386" height="494"/>
	<SubTexture name="SCRATCH CAT IDLE0023" x="2386" y="1026" width="386" height="494"/>
	<SubTexture name="SCRATCH CAT IDLE0024" x="2386" y="1026" width="386" height="494"/>
	<SubTexture name="SCRATCH CAT IDLE0025" x="2782" y="1026" width="386" height="494"/>
	<SubTexture name="SCRATCH CAT IDLE0026" x="2782" y="1026" width="386" height="494"/>
	<SubTexture name="SCRATCH CAT IDLE0027" x="2782" y="1026" width="386" height="494"/>
	<SubTexture name="SCRATCH CAT LEFT0000" x="3178" y="1026" width="422" height="485"/>
	<SubTexture name="SCRATCH CAT LEFT0001" x="3178" y="1026" width="422" height="485"/>
	<SubTexture name="SCRATCH CAT LEFT0002" x="3610" y="1026" width="422" height="485"/>
	<SubTexture name="SCRATCH CAT LEFT0003" x="3610" y="1026" width="422" height="485"/>
	<SubTexture name="SCRATCH CAT LEFT0004" x="10" y="1530" width="422" height="485"/>
	<SubTexture name="SCRATCH CAT LEFT0005" x="10" y="1530" width="422" height="485"/>
	<SubTexture name="SCRATCH CAT LEFT0006" x="10" y="1530" width="422" height="485"/>
	<SubTexture name="SCRATCH CAT LEFT0007" x="10" y="1530" width="422" height="485"/>
	<SubTexture name="SCRATCH CAT LEFT0008" x="10" y="1530" width="422" height="485"/>
	<SubTexture name="SCRATCH CAT LEFT0009" x="10" y="1530" width="422" height="485"/>
	<SubTexture name="SCRATCH CAT LEFT0010" x="10" y="1530" width="422" height="485"/>
	<SubTexture name="SCRATCH CAT LEFT0011" x="10" y="1530" width="422" height="485"/>
	<SubTexture name="SCRATCH CAT LEFT0012" x="10" y="1530" width="422" height="485"/>
	<SubTexture name="SCRATCH CAT LEFT0013" x="10" y="1530" width="422" height="485"/>
	<SubTexture name="SCRATCH CAT RIGHT0000" x="442" y="1530" width="484" height="448"/>
	<SubTexture name="SCRATCH CAT RIGHT0001" x="442" y="1530" width="484" height="448"/>
	<SubTexture name="SCRATCH CAT RIGHT0002" x="936" y="1530" width="484" height="448"/>
	<SubTexture name="SCRATCH CAT RIGHT0003" x="936" y="1530" width="484" height="448"/>
	<SubTexture name="SCRATCH CAT RIGHT0004" x="1430" y="1530" width="484" height="448"/>
	<SubTexture name="SCRATCH CAT RIGHT0005" x="1430" y="1530" width="484" height="448"/>
	<SubTexture name="SCRATCH CAT RIGHT0006" x="1430" y="1530" width="484" height="448"/>
	<SubTexture name="SCRATCH CAT RIGHT0007" x="1430" y="1530" width="484" height="448"/>
	<SubTexture name="SCRATCH CAT RIGHT0008" x="1430" y="1530" width="484" height="448"/>
	<SubTexture name="SCRATCH CAT RIGHT0009" x="1430" y="1530" width="484" height="448"/>
	<SubTexture name="SCRATCH CAT RIGHT0010" x="1430" y="1530" width="484" height="448"/>
	<SubTexture name="SCRATCH CAT RIGHT0011" x="1430" y="1530" width="484" height="448"/>
	<SubTexture name="SCRATCH CAT RIGHT0012" x="1430" y="1530" width="484" height="448"/>
	<SubTexture name="SCRATCH CAT RIGHT0013" x="1430" y="1530" width="484" height="448"/>
	<SubTexture name="SCRATCH CAT UP0000" x="1924" y="1530" width="565" height="669"/>
	<SubTexture name="SCRATCH CAT UP0001" x="1924" y="1530" width="565" height="669"/>
	<SubTexture name="SCRATCH CAT UP0002" x="2499" y="1530" width="565" height="669"/>
	<SubTexture name="SCRATCH CAT UP0003" x="2499" y="1530" width="565" height="669"/>
	<SubTexture name="SCRATCH CAT UP0004" x="3074" y="1530" width="565" height="669"/>
	<SubTexture name="SCRATCH CAT UP0005" x="3074" y="1530" width="565" height="669"/>
	<SubTexture name="SCRATCH CAT UP0006" x="10" y="2209" width="565" height="669"/>
	<SubTexture name="SCRATCH CAT UP0007" x="10" y="2209" width="565" height="669"/>
	<SubTexture name="SCRATCH CAT UP0008" x="585" y="2209" width="565" height="669"/>
	<SubTexture name="SCRATCH CAT UP0009" x="585" y="2209" width="565" height="669"/>
	<SubTexture name="SCRATCH CAT UP0010" x="1160" y="2209" width="565" height="669"/>
	<SubTexture name="SCRATCH CAT UP0011" x="1160" y="2209" width="565" height="669"/>
	<SubTexture name="SCRATCH CAT UP0012" x="1735" y="2209" width="565" height="669"/>
	<SubTexture name="SCRATCH CAT UP0013" x="1735" y="2209" width="565" height="669"/>
</TextureAtlas>
