﻿<?xml version="1.0" encoding="utf-8"?>
<TextureAtlas imagePath="flying_gf.png">
	<!-- Created with Adobe Animate version 20.0.0.17400 -->
	<!-- http://www.adobe.com/products/animate.html -->
	<SubTexture name="floating0000" x="0" y="0" width="424" height="420" frameX="-82" frameY="-94" frameWidth="608" frameHeight="609"/>
	<SubTexture name="floating0001" x="424" y="0" width="426" height="433" frameX="-93" frameY="-94" frameWidth="608" frameHeight="609"/>
	<SubTexture name="floating0002" x="850" y="0" width="426" height="446" frameX="-105" frameY="-94" frameWidth="608" frameHeight="609"/>
	<SubTexture name="floating0003" x="1276" y="0" width="425" height="458" frameX="-117" frameY="-94" frameWidth="608" frameHeight="609"/>
	<SubTexture name="floating0004" x="1701" y="0" width="423" height="469" frameX="-129" frameY="-94" frameWidth="608" frameHeight="609"/>
	<SubTexture name="floating0005" x="2124" y="0" width="418" height="478" frameX="-143" frameY="-94" frameWidth="608" frameHeight="609"/>
	<SubTexture name="floating0006" x="2542" y="0" width="415" height="485" frameX="-154" frameY="-96" frameWidth="608" frameHeight="609"/>
	<SubTexture name="floating0007" x="2957" y="0" width="415" height="491" frameX="-162" frameY="-98" frameWidth="608" frameHeight="609"/>
	<SubTexture name="floating0008" x="3372" y="0" width="423" height="495" frameX="-159" frameY="-100" frameWidth="608" frameHeight="609"/>
	<SubTexture name="floating0009" x="3795" y="0" width="434" height="497" frameX="-153" frameY="-103" frameWidth="608" frameHeight="609"/>
	<SubTexture name="floating0010" x="4229" y="0" width="443" height="497" frameX="-148" frameY="-107" frameWidth="608" frameHeight="609"/>
	<SubTexture name="floating0011" x="4672" y="0" width="449" height="495" frameX="-144" frameY="-112" frameWidth="608" frameHeight="609"/>
	<SubTexture name="floating0012" x="5121" y="0" width="454" height="492" frameX="-140" frameY="-117" frameWidth="608" frameHeight="609"/>
	<SubTexture name="floating0013" x="5575" y="0" width="459" height="487" frameX="-135" frameY="-122" frameWidth="608" frameHeight="609"/>
	<SubTexture name="floating0014" x="6034" y="0" width="463" height="480" frameX="-130" frameY="-128" frameWidth="608" frameHeight="609"/>
	<SubTexture name="floating0015" x="6497" y="0" width="466" height="472" frameX="-125" frameY="-134" frameWidth="608" frameHeight="609"/>
	<SubTexture name="floating0016" x="6963" y="0" width="467" height="461" frameX="-121" frameY="-141" frameWidth="608" frameHeight="609"/>
	<SubTexture name="floating0017" x="7430" y="0" width="468" height="450" frameX="-115" frameY="-148" frameWidth="608" frameHeight="609"/>
	<SubTexture name="floating0018" x="0" y="497" width="467" height="437" frameX="-110" frameY="-155" frameWidth="608" frameHeight="609"/>
	<SubTexture name="floating0019" x="467" y="497" width="465" height="423" frameX="-105" frameY="-162" frameWidth="608" frameHeight="609"/>
	<SubTexture name="floating0020" x="932" y="497" width="461" height="422" frameX="-101" frameY="-155" frameWidth="608" frameHeight="609"/>
	<SubTexture name="floating0021" x="1393" y="497" width="455" height="425" frameX="-98" frameY="-142" frameWidth="608" frameHeight="609"/>
	<SubTexture name="floating0022" x="1848" y="497" width="447" height="428" frameX="-96" frameY="-129" frameWidth="608" frameHeight="609"/>
	<SubTexture name="floating0023" x="2295" y="497" width="438" height="428" frameX="-94" frameY="-118" frameWidth="608" frameHeight="609"/>
	<SubTexture name="floating0024" x="2733" y="497" width="428" height="426" frameX="-93" frameY="-107" frameWidth="608" frameHeight="609"/>
	<SubTexture name="floating0025" x="3161" y="497" width="426" height="424" frameX="-93" frameY="-96" frameWidth="608" frameHeight="609"/>
	<SubTexture name="floating0026" x="3587" y="497" width="438" height="426" frameX="-94" frameY="-83" frameWidth="608" frameHeight="609"/>
	<SubTexture name="floating0027" x="4025" y="497" width="452" height="426" frameX="-93" frameY="-72" frameWidth="608" frameHeight="609"/>
	<SubTexture name="floating0028" x="4477" y="497" width="463" height="423" frameX="-93" frameY="-62" frameWidth="608" frameHeight="609"/>
	<SubTexture name="floating0029" x="4940" y="497" width="474" height="420" frameX="-93" frameY="-52" frameWidth="608" frameHeight="609"/>
	<SubTexture name="floating0030" x="5414" y="497" width="482" height="415" frameX="-94" frameY="-43" frameWidth="608" frameHeight="609"/>
	<SubTexture name="floating0031" x="5896" y="497" width="488" height="414" frameX="-96" frameY="-36" frameWidth="608" frameHeight="609"/>
	<SubTexture name="floating0032" x="6384" y="497" width="493" height="416" frameX="-98" frameY="-29" frameWidth="608" frameHeight="609"/>
	<SubTexture name="floating0033" x="6877" y="497" width="496" height="427" frameX="-101" frameY="-24" frameWidth="608" frameHeight="609"/>
	<SubTexture name="floating0034" x="7373" y="497" width="498" height="438" frameX="-104" frameY="-19" frameWidth="608" frameHeight="609"/>
	<SubTexture name="floating0035" x="0" y="935" width="496" height="445" frameX="-109" frameY="-16" frameWidth="608" frameHeight="609"/>
	<SubTexture name="floating0036" x="496" y="935" width="494" height="452" frameX="-113" frameY="-14" frameWidth="608" frameHeight="609"/>
	<SubTexture name="floating0037" x="990" y="935" width="490" height="455" frameX="-118" frameY="-14" frameWidth="608" frameHeight="609"/>
	<SubTexture name="floating0038" x="1480" y="935" width="484" height="460" frameX="-124" frameY="-14" frameWidth="608" frameHeight="609"/>
	<SubTexture name="floating0039" x="1964" y="935" width="477" height="464" frameX="-130" frameY="-16" frameWidth="608" frameHeight="609"/>
	<SubTexture name="floating0040" x="2441" y="935" width="468" height="465" frameX="-136" frameY="-19" frameWidth="608" frameHeight="609"/>
	<SubTexture name="floating0041" x="2909" y="935" width="457" height="466" frameX="-143" frameY="-23" frameWidth="608" frameHeight="609"/>
	<SubTexture name="floating0042" x="3366" y="935" width="445" height="467" frameX="-150" frameY="-28" frameWidth="608" frameHeight="609"/>
	<SubTexture name="floating0043" x="3811" y="935" width="431" height="466" frameX="-157" frameY="-34" frameWidth="608" frameHeight="609"/>
	<SubTexture name="floating0044" x="4242" y="935" width="423" height="463" frameX="-158" frameY="-41" frameWidth="608" frameHeight="609"/>
	<SubTexture name="floating0045" x="4665" y="935" width="424" height="458" frameX="-148" frameY="-50" frameWidth="608" frameHeight="609"/>
	<SubTexture name="floating0046" x="5089" y="935" width="426" height="452" frameX="-136" frameY="-59" frameWidth="608" frameHeight="609"/>
	<SubTexture name="floating0047" x="5515" y="935" width="428" height="443" frameX="-124" frameY="-70" frameWidth="608" frameHeight="609"/>
	<SubTexture name="floating0048" x="5943" y="935" width="427" height="434" frameX="-113" frameY="-80" frameWidth="608" frameHeight="609"/>
	<SubTexture name="floating0049" x="6370" y="935" width="425" height="422" frameX="-102" frameY="-92" frameWidth="608" frameHeight="609"/>
	<SubTexture name="floating0050" x="6795" y="935" width="426" height="432" frameX="-89" frameY="-82" frameWidth="608" frameHeight="609"/>
	<SubTexture name="floating0051" x="7221" y="935" width="425" height="444" frameX="-78" frameY="-70" frameWidth="608" frameHeight="609"/>
	<SubTexture name="floating0052" x="7646" y="935" width="424" height="457" frameX="-66" frameY="-57" frameWidth="608" frameHeight="609"/>
	<SubTexture name="floating0053" x="0" y="1402" width="422" height="468" frameX="-55" frameY="-46" frameWidth="608" frameHeight="609"/>
	<SubTexture name="floating0054" x="422" y="1402" width="417" height="478" frameX="-46" frameY="-36" frameWidth="608" frameHeight="609"/>
	<SubTexture name="floating0055" x="839" y="1402" width="415" height="485" frameX="-38" frameY="-27" frameWidth="608" frameHeight="609"/>
	<SubTexture name="floating0056" x="1254" y="1402" width="412" height="491" frameX="-31" frameY="-19" frameWidth="608" frameHeight="609"/>
	<SubTexture name="floating0057" x="1666" y="1402" width="424" height="494" frameX="-25" frameY="-13" frameWidth="608" frameHeight="609"/>
	<SubTexture name="floating0058" x="2090" y="1402" width="435" height="496" frameX="-20" frameY="-8" frameWidth="608" frameHeight="609"/>
	<SubTexture name="floating0059" x="2525" y="1402" width="444" height="496" frameX="-16" frameY="-4" frameWidth="608" frameHeight="609"/>
	<SubTexture name="floating0060" x="2969" y="1402" width="451" height="494" frameX="-14" frameY="-1" frameWidth="608" frameHeight="609"/>
	<SubTexture name="floating0061" x="3420" y="1402" width="455" height="490" frameX="-13" frameY="0" frameWidth="608" frameHeight="609"/>
	<SubTexture name="floating0062" x="3875" y="1402" width="459" height="484" frameX="-14" frameY="0" frameWidth="608" frameHeight="609"/>
	<SubTexture name="floating0063" x="4334" y="1402" width="464" height="476" frameX="-15" frameY="-2" frameWidth="608" frameHeight="609"/>
	<SubTexture name="floating0064" x="4798" y="1402" width="466" height="466" frameX="-18" frameY="-5" frameWidth="608" frameHeight="609"/>
	<SubTexture name="floating0065" x="5264" y="1402" width="466" height="455" frameX="-22" frameY="-9" frameWidth="608" frameHeight="609"/>
	<SubTexture name="floating0066" x="5730" y="1402" width="466" height="443" frameX="-28" frameY="-14" frameWidth="608" frameHeight="609"/>
	<SubTexture name="floating0067" x="6196" y="1402" width="466" height="428" frameX="-34" frameY="-21" frameWidth="608" frameHeight="609"/>
	<SubTexture name="floating0068" x="6662" y="1402" width="462" height="422" frameX="-42" frameY="-28" frameWidth="608" frameHeight="609"/>
	<SubTexture name="floating0069" x="7124" y="1402" width="457" height="423" frameX="-51" frameY="-38" frameWidth="608" frameHeight="609"/>
	<SubTexture name="floating0070" x="7581" y="1402" width="449" height="426" frameX="-61" frameY="-48" frameWidth="608" frameHeight="609"/>
	<SubTexture name="floating0071" x="0" y="1898" width="440" height="427" frameX="-72" frameY="-59" frameWidth="608" frameHeight="609"/>
	<SubTexture name="floating0072" x="440" y="1898" width="430" height="426" frameX="-83" frameY="-72" frameWidth="608" frameHeight="609"/>
	<SubTexture name="floating0073" x="870" y="1898" width="422" height="425" frameX="-92" frameY="-84" frameWidth="608" frameHeight="609"/>
	<SubTexture name="floating0074" x="1292" y="1898" width="434" height="426" frameX="-79" frameY="-96" frameWidth="608" frameHeight="609"/>
	<SubTexture name="floating0075" x="1726" y="1898" width="447" height="426" frameX="-66" frameY="-108" frameWidth="608" frameHeight="609"/>
	<SubTexture name="floating0076" x="2173" y="1898" width="460" height="425" frameX="-54" frameY="-120" frameWidth="608" frameHeight="609"/>
	<SubTexture name="floating0077" x="2633" y="1898" width="471" height="422" frameX="-43" frameY="-133" frameWidth="608" frameHeight="609"/>
	<SubTexture name="floating0078" x="3104" y="1898" width="479" height="417" frameX="-34" frameY="-147" frameWidth="608" frameHeight="609"/>
	<SubTexture name="floating0079" x="3583" y="1898" width="486" height="416" frameX="-25" frameY="-156" frameWidth="608" frameHeight="609"/>
	<SubTexture name="floating0080" x="4069" y="1898" width="491" height="415" frameX="-18" frameY="-164" frameWidth="608" frameHeight="609"/>
	<SubTexture name="floating0081" x="4560" y="1898" width="494" height="426" frameX="-12" frameY="-158" frameWidth="608" frameHeight="609"/>
	<SubTexture name="floating0082" x="5054" y="1898" width="496" height="437" frameX="-7" frameY="-152" frameWidth="608" frameHeight="609"/>
	<SubTexture name="floating0083" x="5550" y="1898" width="496" height="445" frameX="-3" frameY="-147" frameWidth="608" frameHeight="609"/>
	<SubTexture name="floating0084" x="6046" y="1898" width="493" height="451" frameX="-1" frameY="-143" frameWidth="608" frameHeight="609"/>
	<SubTexture name="floating0085" x="6539" y="1898" width="489" height="456" frameX="0" frameY="-139" frameWidth="608" frameHeight="609"/>
	<SubTexture name="floating0086" x="7028" y="1898" width="483" height="461" frameX="0" frameY="-134" frameWidth="608" frameHeight="609"/>
	<SubTexture name="floating0087" x="7511" y="1898" width="476" height="465" frameX="-1" frameY="-128" frameWidth="608" frameHeight="609"/>
	<SubTexture name="floating0088" x="0" y="2363" width="467" height="467" frameX="-4" frameY="-123" frameWidth="608" frameHeight="609"/>
	<SubTexture name="floating0089" x="467" y="2363" width="456" height="467" frameX="-8" frameY="-119" frameWidth="608" frameHeight="609"/>
	<SubTexture name="floating0090" x="923" y="2363" width="444" height="468" frameX="-13" frameY="-113" frameWidth="608" frameHeight="609"/>
	<SubTexture name="floating0091" x="1367" y="2363" width="429" height="466" frameX="-20" frameY="-108" frameWidth="608" frameHeight="609"/>
	<SubTexture name="floating0092" x="1796" y="2363" width="422" height="464" frameX="-27" frameY="-103" frameWidth="608" frameHeight="609"/>
	<SubTexture name="floating0093" x="2218" y="2363" width="423" height="458" frameX="-36" frameY="-100" frameWidth="608" frameHeight="609"/>
	<SubTexture name="floating0094" x="2641" y="2363" width="426" height="452" frameX="-46" frameY="-97" frameWidth="608" frameHeight="609"/>
	<SubTexture name="floating0095" x="3067" y="2363" width="427" height="443" frameX="-57" frameY="-95" frameWidth="608" frameHeight="609"/>
	<SubTexture name="floating0096" x="3494" y="2363" width="426" height="433" frameX="-69" frameY="-94" frameWidth="608" frameHeight="609"/>
</TextureAtlas>
