﻿<?xml version="1.0" encoding="utf-8"?>
<TextureAtlas imagePath="scratchcat menu.png">
	<!-- Created with Adobe Animate version 22.0.5.191 -->
	<!-- http://www.adobe.com/products/animate.html -->
	<SubTexture name="SCRATCH CAT IDLE0000" x="10" y="10" width="385" height="505"/>
	<SubTexture name="SCRATCH CAT IDLE0001" x="10" y="10" width="385" height="505"/>
	<SubTexture name="SCRATCH CAT IDLE0002" x="405" y="10" width="385" height="505"/>
	<SubTexture name="SCRATCH CAT IDLE0003" x="405" y="10" width="385" height="505"/>
	<SubTexture name="SCRATCH CAT IDLE0004" x="800" y="10" width="385" height="505"/>
	<SubTexture name="SCRATCH CAT IDLE0005" x="800" y="10" width="385" height="505"/>
	<SubTexture name="SCRATCH CAT IDLE0006" x="1195" y="10" width="385" height="505"/>
	<SubTexture name="SCRATCH CAT IDLE0007" x="1195" y="10" width="385" height="505"/>
	<SubTexture name="SCRATCH CAT IDLE0008" x="1590" y="10" width="385" height="505"/>
	<SubTexture name="SCRATCH CAT IDLE0009" x="1590" y="10" width="385" height="505"/>
	<SubTexture name="SCRATCH CAT IDLE0010" x="1590" y="10" width="385" height="505"/>
	<SubTexture name="SCRATCH CAT IDLE0011" x="10" y="525" width="385" height="505"/>
	<SubTexture name="SCRATCH CAT IDLE0012" x="10" y="525" width="385" height="505"/>
	<SubTexture name="SCRATCH CAT IDLE0013" x="10" y="525" width="385" height="505"/>
	<SubTexture name="SCRATCH CAT IDLE0014" x="405" y="525" width="385" height="505"/>
	<SubTexture name="SCRATCH CAT IDLE0015" x="405" y="525" width="385" height="505"/>
	<SubTexture name="SCRATCH CAT IDLE0016" x="800" y="525" width="385" height="505"/>
	<SubTexture name="SCRATCH CAT IDLE0017" x="800" y="525" width="385" height="505"/>
	<SubTexture name="SCRATCH CAT IDLE0018" x="1195" y="525" width="385" height="505"/>
	<SubTexture name="SCRATCH CAT IDLE0019" x="1195" y="525" width="385" height="505"/>
	<SubTexture name="SCRATCH CAT IDLE0020" x="1590" y="525" width="385" height="505"/>
	<SubTexture name="SCRATCH CAT IDLE0021" x="1590" y="525" width="385" height="505"/>
	<SubTexture name="SCRATCH CAT IDLE0022" x="10" y="1040" width="385" height="505"/>
	<SubTexture name="SCRATCH CAT IDLE0023" x="10" y="1040" width="385" height="505"/>
	<SubTexture name="SCRATCH CAT IDLE0024" x="10" y="1040" width="385" height="505"/>
	<SubTexture name="SCRATCH CAT IDLE0025" x="405" y="1040" width="385" height="505"/>
	<SubTexture name="SCRATCH CAT IDLE0026" x="405" y="1040" width="385" height="505"/>
	<SubTexture name="SCRATCH CAT IDLE0027" x="405" y="1040" width="385" height="505"/>
</TextureAtlas>
