{
	"song": {
		"player1": "bff",
		"player2": "scratchcat",
		"events": [
			[
				106666.666666667,
				[
					[
						"Play Animation",
						"meow",
						"Dad"
					]
				]
			]
		],
		"notes": [
			{
				"typeOfSection": 0,
				"sectionNotes": [],
				"sectionBeats": 4,
				"altAnim": false,
				"gfSection": false,
				"bpm": 150,
				"changeBPM": false,
				"mustHitSection": false
			},
			{
				"typeOfSection": 0,
				"sectionNotes": [],
				"sectionBeats": 4,
				"altAnim": false,
				"gfSection": false,
				"bpm": 150,
				"changeBPM": false,
				"mustHitSection": false
			},
			{
				"typeOfSection": 0,
				"sectionNotes": [],
				"sectionBeats": 4,
				"altAnim": false,
				"gfSection": false,
				"bpm": 144,
				"changeBPM": false,
				"mustHitSection": true
			},
			{
				"typeOfSection": 0,
				"sectionNotes": [],
				"sectionBeats": 4,
				"altAnim": false,
				"gfSection": false,
				"bpm": 144,
				"changeBPM": false,
				"mustHitSection": true
			},
			{
				"typeOfSection": 0,
				"sectionNotes": [],
				"sectionBeats": 4,
				"altAnim": false,
				"gfSection": false,
				"bpm": 144,
				"changeBPM": false,
				"mustHitSection": false
			},
			{
				"typeOfSection": 0,
				"sectionNotes": [],
				"sectionBeats": 4,
				"altAnim": false,
				"gfSection": false,
				"bpm": 144,
				"changeBPM": false,
				"mustHitSection": false
			},
			{
				"typeOfSection": 0,
				"sectionNotes": [],
				"sectionBeats": 4,
				"altAnim": false,
				"gfSection": false,
				"bpm": 144,
				"changeBPM": false,
				"mustHitSection": true
			},
			{
				"typeOfSection": 0,
				"sectionNotes": [],
				"sectionBeats": 4,
				"altAnim": false,
				"gfSection": false,
				"bpm": 144,
				"changeBPM": false,
				"mustHitSection": true
			},
			{
				"typeOfSection": 0,
				"sectionNotes": [
					[
						13541.6666666667,
						1,
						0
					],
					[
						13750,
						3,
						0
					],
					[
						13958.3333333333,
						1,
						0
					]
				],
				"sectionBeats": 4,
				"altAnim": false,
				"gfSection": false,
				"bpm": 144,
				"changeBPM": false,
				"mustHitSection": false
			},
			{
				"typeOfSection": 0,
				"sectionNotes": [
					[
						15208.3333333333,
						1,
						0
					],
					[
						15416.6666666667,
						3,
						0
					],
					[
						15625,
						1,
						0
					],
					[
						15833.3333333333,
						0,
						0
					],
					[
						16041.6666666667,
						3,
						0
					],
					[
						16250,
						1,
						0
					],
					[
						16458.3333333333,
						0,
						0
					]
				],
				"sectionBeats": 4,
				"altAnim": false,
				"gfSection": false,
				"bpm": 144,
				"changeBPM": false,
				"mustHitSection": false
			},
			{
				"typeOfSection": 0,
				"sectionNotes": [
					[
						16875,
						1,
						0
					],
					[
						17083.3333333333,
						3,
						0
					],
					[
						17291.6666666667,
						1,
						0
					],
					[
						17916.6666666667,
						3,
						0
					],
					[
						18125,
						1,
						0
					]
				],
				"sectionBeats": 4,
				"altAnim": false,
				"gfSection": false,
				"bpm": 144,
				"changeBPM": false,
				"mustHitSection": false
			},
			{
				"typeOfSection": 0,
				"sectionNotes": [
					[
						18333.3333333333,
						0,
						0
					],
					[
						18541.6666666667,
						2,
						0
					],
					[
						18958.3333333333,
						3,
						0
					],
					[
						19375,
						1,
						0
					],
					[
						19583.3333333333,
						3,
						0
					],
					[
						19791.6666666667,
						1,
						0
					]
				],
				"sectionBeats": 4,
				"altAnim": false,
				"gfSection": false,
				"bpm": 144,
				"changeBPM": false,
				"mustHitSection": false
			},
			{
				"typeOfSection": 0,
				"sectionNotes": [
					[
						20000,
						6,
						0
					],
					[
						20208.3333333333,
						2,
						0
					],
					[
						20625,
						2,
						312.5
					],
					[
						20416.6666666667,
						3,
						0
					]
				],
				"sectionBeats": 4,
				"altAnim": false,
				"gfSection": false,
				"bpm": 144,
				"changeBPM": false,
				"mustHitSection": true
			},
			{
				"typeOfSection": 0,
				"sectionNotes": [
					[
						21875,
						2,
						0
					],
					[
						22083.3333333333,
						3,
						0
					],
					[
						22291.6666666667,
						2,
						0
					],
					[
						22500,
						0,
						0
					],
					[
						22708.3333333333,
						2,
						0
					],
					[
						22916.6666666667,
						3,
						312.5
					]
				],
				"sectionBeats": 4,
				"altAnim": false,
				"gfSection": false,
				"bpm": 144,
				"changeBPM": false,
				"mustHitSection": true
			},
			{
				"typeOfSection": 0,
				"sectionNotes": [
					[
						23541.6666666667,
						2,
						0
					],
					[
						23958.3333333333,
						2,
						312.5
					],
					[
						23750,
						3,
						0
					],
					[
						24583.3333333333,
						3,
						0
					],
					[
						24791.6666666667,
						2,
						0
					],
					[
						24895.8333333333,
						1,
						0
					]
				],
				"sectionBeats": 4,
				"altAnim": false,
				"gfSection": false,
				"bpm": 144,
				"changeBPM": false,
				"mustHitSection": true
			},
			{
				"typeOfSection": 0,
				"sectionNotes": [
					[
						25000,
						0,
						0
					],
					[
						25208.3333333333,
						3,
						0
					],
					[
						25416.6666666667,
						2,
						0
					],
					[
						25625,
						3,
						208.333333333333
					],
					[
						26041.6666666667,
						3,
						0
					],
					[
						26250,
						2,
						0
					],
					[
						26458.3333333333,
						0,
						0
					]
				],
				"sectionBeats": 4,
				"altAnim": false,
				"gfSection": false,
				"bpm": 144,
				"changeBPM": false,
				"mustHitSection": true
			},
			{
				"typeOfSection": 0,
				"sectionNotes": [
					[
						26666.6666666667,
						6,
						312.5
					],
					[
						26875,
						0,
						0
					],
					[
						27083.3333333333,
						1,
						0
					],
					[
						27291.6666666667,
						3,
						0
					],
					[
						27500,
						0,
						0
					],
					[
						27916.6666666667,
						1,
						0
					]
				],
				"sectionBeats": 4,
				"altAnim": false,
				"gfSection": false,
				"bpm": 144,
				"changeBPM": false,
				"mustHitSection": false
			},
			{
				"typeOfSection": 0,
				"sectionNotes": [
					[
						28750,
						3,
						0
					],
					[
						28541.6666666667,
						1,
						0
					],
					[
						28958.3333333333,
						0,
						0
					],
					[
						29166.6666666667,
						2,
						0
					],
					[
						29583.3333333333,
						1,
						0
					],
					[
						29375,
						0,
						0
					]
				],
				"sectionBeats": 4,
				"altAnim": false,
				"gfSection": false,
				"bpm": 144,
				"changeBPM": false,
				"mustHitSection": false
			},
			{
				"typeOfSection": 0,
				"sectionNotes": [
					[
						30000,
						0,
						0
					],
					[
						30208.3333333333,
						3,
						0
					],
					[
						30416.6666666667,
						1,
						0
					],
					[
						30625,
						3,
						0
					],
					[
						30833.3333333333,
						0,
						0
					],
					[
						31145.8333333333,
						0,
						0
					],
					[
						31195.3125,
						1,
						0
					],
					[
						31250,
						3,
						0
					]
				],
				"sectionBeats": 4,
				"altAnim": false,
				"gfSection": false,
				"bpm": 144,
				"changeBPM": false,
				"mustHitSection": false
			},
			{
				"typeOfSection": 0,
				"sectionNotes": [
					[
						31875,
						3,
						0
					],
					[
						32083.3333333333,
						0,
						0
					],
					[
						32291.6666666667,
						2,
						0
					],
					[
						32500,
						3,
						0
					],
					[
						32916.6666666667,
						1,
						0
					],
					[
						32708.3333333333,
						0,
						0
					],
					[
						33125,
						2,
						0
					]
				],
				"sectionBeats": 4,
				"altAnim": false,
				"gfSection": false,
				"bpm": 144,
				"changeBPM": false,
				"mustHitSection": false
			},
			{
				"typeOfSection": 0,
				"sectionNotes": [
					[
						33541.6666666667,
						0,
						0
					],
					[
						33750,
						1,
						0
					],
					[
						33958.3333333333,
						3,
						0
					],
					[
						34166.6666666667,
						1,
						0
					],
					[
						34583.3333333333,
						0,
						0
					]
				],
				"sectionBeats": 4,
				"altAnim": false,
				"gfSection": false,
				"bpm": 144,
				"changeBPM": false,
				"mustHitSection": true
			},
			{
				"typeOfSection": 0,
				"sectionNotes": [
					[
						35208.3333333333,
						0,
						0
					],
					[
						35416.6666666667,
						3,
						0
					],
					[
						35625,
						2,
						0
					],
					[
						35833.3333333333,
						3,
						0
					],
					[
						36041.6666666667,
						0,
						0
					],
					[
						35729.1666666667,
						7,
						0
					],
					[
						36041.6666666667,
						4,
						0
					],
					[
						36250,
						5,
						0
					],
					[
						35833.3333333333,
						6,
						0
					],
					[
						36250,
						3,
						208.333333333333
					]
				],
				"sectionBeats": 4,
				"altAnim": false,
				"gfSection": false,
				"bpm": 144,
				"changeBPM": false,
				"mustHitSection": true
			},
			{
				"typeOfSection": 0,
				"sectionNotes": [
					[
						36666.6666666667,
						0,
						0
					],
					[
						36875,
						1,
						0
					],
					[
						37083.3333333333,
						0,
						0
					],
					[
						37291.6666666667,
						3,
						0
					],
					[
						37500,
						0,
						0
					],
					[
						37812.5,
						0,
						0
					],
					[
						37864.5833333333,
						1,
						0
					],
					[
						37916.6666666667,
						2,
						0
					]
				],
				"sectionBeats": 4,
				"altAnim": false,
				"gfSection": false,
				"bpm": 144,
				"changeBPM": false,
				"mustHitSection": true
			},
			{
				"typeOfSection": 0,
				"sectionNotes": [
					[
						38541.6666666667,
						3,
						0
					],
					[
						38750,
						1,
						0
					],
					[
						38958.3333333333,
						2,
						0
					],
					[
						39375,
						3,
						0
					],
					[
						39583.3333333333,
						0,
						0
					],
					[
						39791.6666666667,
						3,
						0
					],
					[
						39166.6666666667,
						1,
						0
					],
					[
						38541.6666666667,
						4,
						0
					],
					[
						38750,
						7,
						0
					],
					[
						39166.6666666667,
						5,
						0
					],
					[
						38958.3333333333,
						6,
						0
					],
					[
						39375,
						4,
						0
					],
					[
						39583.3333333333,
						5,
						0
					],
					[
						39791.6666666667,
						7,
						0
					]
				],
				"sectionBeats": 4,
				"altAnim": false,
				"gfSection": false,
				"bpm": 144,
				"changeBPM": false,
				"mustHitSection": true
			},
			{
				"typeOfSection": 0,
				"sectionNotes": [
					[
						40000,
						2,
						0
					],
					[
						40208.3333333333,
						0,
						0
					],
					[
						40416.6666666667,
						2,
						0
					],
					[
						40625,
						3,
						0
					],
					[
						40833.3333333333,
						1,
						0
					],
					[
						41250,
						0,
						0
					]
				],
				"sectionBeats": 4,
				"altAnim": false,
				"gfSection": false,
				"bpm": 144,
				"changeBPM": false,
				"mustHitSection": false
			},
			{
				"typeOfSection": 0,
				"sectionNotes": [
					[
						41875,
						0,
						0
					],
					[
						42083.3333333333,
						2,
						0
					],
					[
						42291.6666666667,
						0,
						0
					],
					[
						42500,
						1,
						0
					],
					[
						42708.3333333333,
						3,
						0
					],
					[
						42916.6666666667,
						2,
						0
					],
					[
						43125,
						0,
						0
					]
				],
				"sectionBeats": 4,
				"altAnim": false,
				"gfSection": false,
				"bpm": 144,
				"changeBPM": false,
				"mustHitSection": false
			},
			{
				"typeOfSection": 0,
				"sectionNotes": [
					[
						43333.3333333333,
						7,
						0
					],
					[
						43541.6666666667,
						6,
						0
					],
					[
						43333.3333333333,
						0,
						0
					],
					[
						43541.6666666667,
						1,
						0
					],
					[
						43750,
						0,
						0
					],
					[
						43958.3333333333,
						2,
						0
					],
					[
						44166.6666666667,
						3,
						0
					],
					[
						44583.3333333333,
						1,
						0
					]
				],
				"sectionBeats": 4,
				"altAnim": false,
				"gfSection": false,
				"bpm": 144,
				"changeBPM": false,
				"mustHitSection": true
			},
			{
				"typeOfSection": 0,
				"sectionNotes": [
					[
						45208.3333333333,
						0,
						0
					],
					[
						45416.6666666667,
						3,
						0
					],
					[
						45625,
						1,
						0
					],
					[
						45833.3333333333,
						3,
						0
					],
					[
						46041.6666666667,
						2,
						0
					],
					[
						46250,
						0,
						0
					],
					[
						46458.3333333333,
						1,
						0
					]
				],
				"sectionBeats": 4,
				"altAnim": false,
				"gfSection": false,
				"bpm": 144,
				"changeBPM": false,
				"mustHitSection": true
			},
			{
				"typeOfSection": 0,
				"sectionNotes": [
					[
						46666.6666666667,
						7,
						0
					],
					[
						46875,
						6,
						0
					],
					[
						47083.3333333333,
						1,
						0
					],
					[
						46666.6666666667,
						3,
						0
					],
					[
						46875,
						1,
						0
					],
					[
						47291.6666666667,
						0,
						0
					],
					[
						47500,
						3,
						0
					],
					[
						47708.3333333333,
						2,
						0
					],
					[
						47916.6666666667,
						1,
						0
					]
				],
				"sectionBeats": 4,
				"altAnim": false,
				"gfSection": false,
				"bpm": 144,
				"changeBPM": false,
				"mustHitSection": false
			},
			{
				"typeOfSection": 0,
				"sectionNotes": [
					[
						48541.6666666667,
						0,
						0
					],
					[
						48750,
						1,
						0
					],
					[
						49166.6666666667,
						3,
						0
					],
					[
						49375,
						1,
						0
					],
					[
						49583.3333333333,
						0,
						0
					],
					[
						49375,
						5,
						0
					],
					[
						49583.3333333333,
						7,
						0
					],
					[
						49791.6666666667,
						6,
						0
					]
				],
				"sectionBeats": 4,
				"altAnim": false,
				"gfSection": false,
				"bpm": 144,
				"changeBPM": false,
				"mustHitSection": false
			},
			{
				"typeOfSection": 0,
				"sectionNotes": [
					[
						50000,
						7,
						0
					],
					[
						50000,
						3,
						0
					],
					[
						50416.6666666666,
						2,
						0
					],
					[
						50208.3333333333,
						0,
						0
					],
					[
						50625,
						3,
						0
					],
					[
						50833.3333333333,
						1,
						0
					],
					[
						51250,
						2,
						0
					],
					[
						51041.6666666666,
						3,
						0
					],
					[
						51458.3333333333,
						0,
						0
					]
				],
				"sectionBeats": 4,
				"altAnim": false,
				"gfSection": false,
				"bpm": 144,
				"changeBPM": false,
				"mustHitSection": true
			},
			{
				"typeOfSection": 0,
				"sectionNotes": [
					[
						51666.6666666666,
						0,
						0
					],
					[
						51875,
						2,
						0
					],
					[
						52083.3333333333,
						3,
						0
					],
					[
						52291.6666666666,
						0,
						0
					],
					[
						52500,
						3,
						0
					],
					[
						52708.3333333333,
						2,
						0
					],
					[
						52916.6666666666,
						0,
						0
					],
					[
						53125,
						2,
						0
					]
				],
				"sectionBeats": 4,
				"altAnim": false,
				"gfSection": false,
				"bpm": 144,
				"changeBPM": false,
				"mustHitSection": true
			},
			{
				"typeOfSection": 0,
				"sectionNotes": [
					[
						53541.6666666666,
						3,
						0
					],
					[
						53750,
						1,
						0
					],
					[
						53958.3333333333,
						2,
						0
					],
					[
						54583.3333333333,
						1,
						0
					]
				],
				"sectionBeats": 4,
				"altAnim": false,
				"gfSection": false,
				"bpm": 144,
				"changeBPM": false,
				"mustHitSection": false
			},
			{
				"typeOfSection": 0,
				"sectionNotes": [
					[
						55208.3333333333,
						1,
						0
					],
					[
						55416.6666666666,
						0,
						0
					],
					[
						55625,
						1,
						0
					],
					[
						55833.3333333333,
						3,
						0
					],
					[
						56041.6666666666,
						1,
						0
					],
					[
						56250,
						0,
						0
					]
				],
				"sectionBeats": 4,
				"altAnim": false,
				"gfSection": false,
				"bpm": 144,
				"changeBPM": false,
				"mustHitSection": false
			},
			{
				"typeOfSection": 0,
				"sectionNotes": [
					[
						56666.6666666666,
						6,
						0
					],
					[
						56875,
						0,
						0
					],
					[
						57083.3333333333,
						2,
						0
					],
					[
						57291.6666666666,
						3,
						312.5
					],
					[
						57916.6666666666,
						2,
						312.5
					]
				],
				"sectionBeats": 4,
				"altAnim": false,
				"gfSection": false,
				"bpm": 144,
				"changeBPM": false,
				"mustHitSection": true
			},
			{
				"typeOfSection": 0,
				"sectionNotes": [
					[
						58541.6666666666,
						0,
						0
					],
					[
						58750,
						2,
						0
					],
					[
						58958.3333333333,
						0,
						0
					],
					[
						59166.6666666666,
						1,
						0
					],
					[
						59375,
						3,
						0
					],
					[
						59583.3333333333,
						1,
						312.5
					],
					[
						59583.3333333333,
						4,
						312.5
					]
				],
				"sectionBeats": 4,
				"altAnim": false,
				"gfSection": false,
				"bpm": 144,
				"changeBPM": false,
				"mustHitSection": true
			},
			{
				"typeOfSection": 0,
				"sectionNotes": [
					[
						60000,
						7,
						312.5
					],
					[
						60000,
						3,
						0
					],
					[
						60208.3333333333,
						1,
						0
					],
					[
						60416.6666666666,
						2,
						0
					],
					[
						60625,
						0,
						0
					],
					[
						60833.3333333333,
						3,
						0
					],
					[
						61041.6666666666,
						1,
						0
					],
					[
						61458.3333333333,
						2,
						0
					]
				],
				"sectionBeats": 4,
				"altAnim": false,
				"gfSection": false,
				"bpm": 144,
				"changeBPM": false,
				"mustHitSection": false
			},
			{
				"typeOfSection": 0,
				"sectionNotes": [
					[
						61875,
						3,
						0
					],
					[
						61979.1666666666,
						1,
						0
					],
					[
						62083.3333333333,
						3,
						0
					],
					[
						62291.6666666666,
						3,
						0
					],
					[
						62500,
						2,
						0
					],
					[
						62708.3333333333,
						0,
						0
					],
					[
						62916.6666666666,
						3,
						0
					],
					[
						63125,
						0,
						0
					],
					[
						62916.6666666666,
						5,
						312.5
					]
				],
				"sectionBeats": 4,
				"altAnim": false,
				"gfSection": false,
				"bpm": 144,
				"changeBPM": false,
				"mustHitSection": false
			},
			{
				"typeOfSection": 0,
				"sectionNotes": [
					[
						63333.3333333333,
						5,
						0
					],
					[
						63541.6666666666,
						1,
						0
					],
					[
						63958.3333333333,
						2,
						0
					],
					[
						63333.3333333333,
						0,
						0
					],
					[
						63750,
						0,
						0
					],
					[
						64166.6666666666,
						3,
						0
					],
					[
						64375,
						1,
						208.333333333333
					],
					[
						64791.6666666666,
						3,
						312.5
					]
				],
				"sectionBeats": 4,
				"altAnim": false,
				"gfSection": false,
				"bpm": 144,
				"changeBPM": false,
				"mustHitSection": true
			},
			{
				"typeOfSection": 0,
				"sectionNotes": [
					[
						65208.3333333333,
						2,
						0
					],
					[
						65312.5,
						0,
						0
					],
					[
						65416.6666666666,
						2,
						0
					],
					[
						65625,
						2,
						0
					],
					[
						65833.3333333333,
						3,
						0
					],
					[
						66041.6666666666,
						0,
						0
					],
					[
						66250,
						3,
						0
					],
					[
						66458.3333333333,
						1,
						0
					]
				],
				"sectionBeats": 4,
				"altAnim": false,
				"gfSection": false,
				"bpm": 144,
				"changeBPM": false,
				"mustHitSection": true
			},
			{
				"typeOfSection": 0,
				"sectionNotes": [
					[
						66666.6666666666,
						6,
						312.5
					],
					[
						66666.6666666667,
						6,
						312.5
					],
					[
						66875,
						1,
						0
					],
					[
						67083.3333333333,
						3,
						0
					],
					[
						67291.6666666667,
						1,
						0
					]
				],
				"sectionBeats": 4,
				"altAnim": false,
				"gfSection": false,
				"bpm": 144,
				"changeBPM": false,
				"mustHitSection": false
			},
			{
				"typeOfSection": 0,
				"sectionNotes": [
					[
						68541.6666666667,
						1,
						0
					],
					[
						68750,
						3,
						0
					],
					[
						68958.3333333333,
						1,
						0
					],
					[
						69166.6666666667,
						0,
						0
					],
					[
						69375,
						3,
						0
					],
					[
						69583.3333333333,
						1,
						0
					]
				],
				"sectionBeats": 4,
				"altAnim": false,
				"gfSection": false,
				"bpm": 144,
				"changeBPM": false,
				"mustHitSection": false
			},
			{
				"typeOfSection": 0,
				"sectionNotes": [
					[
						70208.3333333333,
						1,
						0
					],
					[
						70416.6666666667,
						3,
						0
					],
					[
						70625,
						1,
						0
					],
					[
						71250,
						3,
						0
					],
					[
						71458.3333333333,
						1,
						0
					]
				],
				"sectionBeats": 4,
				"altAnim": false,
				"gfSection": false,
				"bpm": 144,
				"changeBPM": false,
				"mustHitSection": false
			},
			{
				"typeOfSection": 0,
				"sectionNotes": [
					[
						71666.6666666667,
						0,
						0
					],
					[
						71875,
						2,
						0
					],
					[
						72291.6666666667,
						3,
						0
					],
					[
						72708.3333333333,
						1,
						0
					],
					[
						72916.6666666667,
						3,
						0
					],
					[
						73125,
						1,
						0
					]
				],
				"sectionBeats": 4,
				"altAnim": false,
				"gfSection": false,
				"bpm": 144,
				"changeBPM": false,
				"mustHitSection": false
			},
			{
				"typeOfSection": 0,
				"sectionNotes": [
					[
						73333.3333333333,
						6,
						0
					],
					[
						73750,
						2,
						0
					],
					[
						73541.6666666666,
						0,
						0
					],
					[
						73958.3333333333,
						3,
						312.5
					]
				],
				"sectionBeats": 4,
				"altAnim": false,
				"gfSection": false,
				"bpm": 144,
				"changeBPM": false,
				"mustHitSection": true
			},
			{
				"typeOfSection": 0,
				"sectionNotes": [
					[
						75208.3333333333,
						3,
						0
					],
					[
						75416.6666666667,
						1,
						0
					],
					[
						75625,
						3,
						0
					],
					[
						75833.3333333333,
						2,
						0
					],
					[
						76041.6666666667,
						0,
						0
					],
					[
						76250,
						1,
						312.5
					]
				],
				"sectionBeats": 4,
				"altAnim": false,
				"gfSection": false,
				"bpm": 144,
				"changeBPM": false,
				"mustHitSection": true
			},
			{
				"typeOfSection": 0,
				"sectionNotes": [
					[
						77916.6666666667,
						3,
						0
					],
					[
						76875,
						3,
						0
					],
					[
						77083.3333333333,
						2,
						0
					],
					[
						77291.6666666667,
						3,
						312.5
					],
					[
						78125,
						1,
						0
					]
				],
				"sectionBeats": 4,
				"altAnim": false,
				"gfSection": false,
				"bpm": 144,
				"changeBPM": false,
				"mustHitSection": true
			},
			{
				"typeOfSection": 0,
				"sectionNotes": [
					[
						78333.3333333333,
						3,
						0
					],
					[
						78541.6666666667,
						2,
						0
					],
					[
						78958.3333333333,
						0,
						0
					],
					[
						79375,
						3,
						0
					],
					[
						79583.3333333333,
						2,
						0
					],
					[
						79791.6666666667,
						3,
						0
					]
				],
				"sectionBeats": 4,
				"altAnim": false,
				"gfSection": false,
				"bpm": 144,
				"changeBPM": false,
				"mustHitSection": true
			},
			{
				"typeOfSection": 0,
				"sectionNotes": [
					[
						80000,
						6,
						312.5
					],
					[
						80000,
						6,
						312.5
					],
					[
						80208.3333333333,
						0,
						0
					],
					[
						80416.6666666667,
						1,
						0
					],
					[
						80625,
						3,
						0
					],
					[
						80833.3333333333,
						0,
						0
					],
					[
						81250,
						1,
						0
					]
				],
				"sectionBeats": 4,
				"altAnim": false,
				"gfSection": false,
				"bpm": 144,
				"changeBPM": false,
				"mustHitSection": false
			},
			{
				"typeOfSection": 0,
				"sectionNotes": [
					[
						82083.3333333333,
						3,
						0
					],
					[
						81875,
						1,
						0
					],
					[
						82291.6666666667,
						0,
						0
					],
					[
						82500,
						2,
						0
					],
					[
						82916.6666666667,
						1,
						0
					],
					[
						82708.3333333333,
						0,
						0
					],
					[
						82083.3333333333,
						3,
						0
					],
					[
						81875,
						1,
						0
					],
					[
						82291.6666666667,
						0,
						0
					],
					[
						82500,
						2,
						0
					],
					[
						82916.6666666667,
						1,
						0
					],
					[
						82708.3333333333,
						0,
						0
					]
				],
				"sectionBeats": 4,
				"altAnim": false,
				"gfSection": false,
				"bpm": 144,
				"changeBPM": false,
				"mustHitSection": false
			},
			{
				"typeOfSection": 0,
				"sectionNotes": [
					[
						83333.3333333333,
						0,
						0
					],
					[
						83541.6666666667,
						3,
						0
					],
					[
						83750,
						1,
						0
					],
					[
						83958.3333333333,
						3,
						0
					],
					[
						84166.6666666667,
						0,
						0
					],
					[
						84479.1666666667,
						0,
						0
					],
					[
						84528.6458333333,
						1,
						0
					],
					[
						84583.3333333333,
						3,
						0
					]
				],
				"sectionBeats": 4,
				"altAnim": false,
				"gfSection": false,
				"bpm": 144,
				"changeBPM": false,
				"mustHitSection": false
			},
			{
				"typeOfSection": 0,
				"sectionNotes": [
					[
						85208.3333333333,
						3,
						0
					],
					[
						85416.6666666667,
						0,
						0
					],
					[
						85625,
						2,
						0
					],
					[
						85833.3333333333,
						3,
						0
					],
					[
						86250,
						1,
						0
					],
					[
						86041.6666666667,
						0,
						0
					],
					[
						86458.3333333333,
						2,
						0
					]
				],
				"sectionBeats": 4,
				"altAnim": false,
				"gfSection": false,
				"bpm": 144,
				"changeBPM": false,
				"mustHitSection": false
			},
			{
				"typeOfSection": 0,
				"sectionNotes": [
					[
						86875,
						0,
						0
					],
					[
						87083.3333333333,
						1,
						0
					],
					[
						87291.6666666667,
						3,
						0
					],
					[
						87500,
						1,
						0
					],
					[
						87916.6666666667,
						0,
						0
					]
				],
				"sectionBeats": 4,
				"altAnim": false,
				"gfSection": false,
				"bpm": 144,
				"changeBPM": false,
				"mustHitSection": true
			},
			{
				"typeOfSection": 0,
				"sectionNotes": [
					[
						88541.6666666667,
						0,
						0
					],
					[
						88750,
						3,
						0
					],
					[
						88958.3333333333,
						2,
						0
					],
					[
						89166.6666666667,
						3,
						0
					],
					[
						89375,
						0,
						0
					],
					[
						89062.5,
						7,
						0
					],
					[
						89375,
						4,
						0
					],
					[
						89583.3333333333,
						5,
						0
					],
					[
						89166.6666666667,
						6,
						0
					],
					[
						89583.3333333333,
						3,
						208.333333333333
					]
				],
				"sectionBeats": 4,
				"altAnim": false,
				"gfSection": false,
				"bpm": 144,
				"changeBPM": false,
				"mustHitSection": true
			},
			{
				"typeOfSection": 0,
				"sectionNotes": [
					[
						90000,
						0,
						0
					],
					[
						90208.3333333333,
						1,
						0
					],
					[
						90416.6666666667,
						0,
						0
					],
					[
						90625,
						3,
						0
					],
					[
						90833.3333333333,
						0,
						0
					],
					[
						91145.8333333333,
						0,
						0
					],
					[
						91197.9166666667,
						1,
						0
					],
					[
						91250,
						2,
						0
					]
				],
				"sectionBeats": 4,
				"altAnim": false,
				"gfSection": false,
				"bpm": 144,
				"changeBPM": false,
				"mustHitSection": true
			},
			{
				"typeOfSection": 0,
				"sectionNotes": [
					[
						91875,
						3,
						0
					],
					[
						92083.3333333333,
						1,
						0
					],
					[
						92291.6666666667,
						2,
						0
					],
					[
						92708.3333333333,
						3,
						0
					],
					[
						92916.6666666667,
						0,
						0
					],
					[
						93125,
						3,
						0
					],
					[
						92500,
						1,
						0
					],
					[
						91875,
						4,
						0
					],
					[
						92083.3333333333,
						7,
						0
					],
					[
						92500,
						5,
						0
					],
					[
						92291.6666666667,
						6,
						0
					],
					[
						92708.3333333333,
						4,
						0
					],
					[
						92916.6666666667,
						5,
						0
					],
					[
						93125,
						7,
						0
					]
				],
				"sectionBeats": 4,
				"altAnim": false,
				"gfSection": false,
				"bpm": 144,
				"changeBPM": false,
				"mustHitSection": true
			},
			{
				"typeOfSection": 0,
				"sectionNotes": [
					[
						93333.3333333334,
						6,
						312.5
					],
					[
						93541.6666666667,
						3,
						0
					],
					[
						93750,
						1,
						0
					],
					[
						93958.3333333333,
						2,
						0
					],
					[
						94583.3333333333,
						1,
						0
					]
				],
				"sectionBeats": 4,
				"altAnim": false,
				"gfSection": false,
				"bpm": 144,
				"changeBPM": false,
				"mustHitSection": false
			},
			{
				"typeOfSection": 0,
				"sectionNotes": [
					[
						95208.3333333333,
						1,
						0
					],
					[
						95416.6666666666,
						0,
						0
					],
					[
						95625,
						3,
						0
					],
					[
						95833.3333333334,
						1,
						0
					],
					[
						96041.6666666667,
						3,
						0
					],
					[
						96250,
						1,
						0
					],
					[
						96458.3333333334,
						0,
						0
					]
				],
				"sectionBeats": 4,
				"altAnim": false,
				"gfSection": false,
				"bpm": 144,
				"changeBPM": false,
				"mustHitSection": false
			},
			{
				"typeOfSection": 0,
				"sectionNotes": [
					[
						96666.6666666667,
						5,
						0
					],
					[
						96875,
						0,
						0
					],
					[
						97083.3333333333,
						2,
						0
					],
					[
						97291.6666666666,
						3,
						312.5
					],
					[
						97916.6666666666,
						2,
						312.5
					]
				],
				"sectionBeats": 4,
				"altAnim": false,
				"gfSection": false,
				"bpm": 144,
				"changeBPM": false,
				"mustHitSection": true
			},
			{
				"typeOfSection": 0,
				"sectionNotes": [
					[
						98541.6666666666,
						0,
						0
					],
					[
						98750,
						2,
						0
					],
					[
						98958.3333333333,
						0,
						0
					],
					[
						99166.6666666666,
						1,
						0
					],
					[
						99375,
						3,
						0
					],
					[
						99583.3333333333,
						1,
						312.5
					],
					[
						99583.3333333333,
						4,
						312.5
					]
				],
				"sectionBeats": 4,
				"altAnim": false,
				"gfSection": false,
				"bpm": 144,
				"changeBPM": false,
				"mustHitSection": true
			},
			{
				"typeOfSection": 0,
				"sectionNotes": [
					[
						100000,
						7,
						312.5
					],
					[
						100000,
						3,
						0
					],
					[
						100208.333333333,
						1,
						0
					],
					[
						100416.666666667,
						2,
						0
					],
					[
						100625,
						0,
						0
					],
					[
						100833.333333333,
						3,
						0
					],
					[
						101041.666666667,
						1,
						0
					],
					[
						101458.333333333,
						2,
						0
					]
				],
				"sectionBeats": 4,
				"altAnim": false,
				"gfSection": false,
				"bpm": 144,
				"changeBPM": false,
				"mustHitSection": false
			},
			{
				"typeOfSection": 0,
				"sectionNotes": [
					[
						101875,
						3,
						0
					],
					[
						101979.166666667,
						1,
						0
					],
					[
						102083.333333333,
						3,
						0
					],
					[
						102291.666666667,
						3,
						0
					],
					[
						102500,
						2,
						0
					],
					[
						102708.333333333,
						0,
						0
					],
					[
						102916.666666667,
						3,
						0
					],
					[
						103125,
						0,
						0
					],
					[
						102916.666666667,
						5,
						312.5
					]
				],
				"sectionBeats": 4,
				"altAnim": false,
				"gfSection": false,
				"bpm": 144,
				"changeBPM": false,
				"mustHitSection": false
			},
			{
				"typeOfSection": 0,
				"sectionNotes": [
					[
						103333.333333333,
						5,
						0
					],
					[
						103541.666666667,
						1,
						0
					],
					[
						103958.333333333,
						2,
						0
					],
					[
						103333.333333333,
						0,
						0
					],
					[
						103750,
						0,
						0
					],
					[
						104166.666666667,
						3,
						0
					],
					[
						104375,
						1,
						208.333333333333
					],
					[
						104791.666666667,
						3,
						312.5
					]
				],
				"sectionBeats": 4,
				"altAnim": false,
				"gfSection": false,
				"bpm": 144,
				"changeBPM": false,
				"mustHitSection": true
			},
			{
				"typeOfSection": 0,
				"sectionNotes": [
					[
						105208.333333333,
						2,
						0
					],
					[
						105312.5,
						0,
						0
					],
					[
						105416.666666667,
						2,
						0
					],
					[
						105625,
						2,
						0
					],
					[
						105833.333333333,
						3,
						0
					],
					[
						106041.666666667,
						0,
						0
					],
					[
						106250,
						3,
						0
					],
					[
						106458.333333333,
						1,
						0
					]
				],
				"sectionBeats": 4,
				"altAnim": false,
				"gfSection": false,
				"bpm": 144,
				"changeBPM": false,
				"mustHitSection": true
			},
			{
				"typeOfSection": 0,
				"sectionNotes": [
					[
						106666.666666667,
						6,
						312.5
					],
					[
						106666.666666667,
						6,
						312.5
					]
				],
				"sectionBeats": 4,
				"altAnim": false,
				"gfSection": false,
				"bpm": 144,
				"changeBPM": false,
				"mustHitSection": false
			},
			{
				"typeOfSection": 0,
				"sectionNotes": [],
				"sectionBeats": 4,
				"altAnim": false,
				"gfSection": false,
				"bpm": 144,
				"changeBPM": false,
				"mustHitSection": true
			},
			{
				"typeOfSection": 0,
				"sectionNotes": [],
				"sectionBeats": 4,
				"altAnim": false,
				"gfSection": false,
				"bpm": 144,
				"changeBPM": false,
				"mustHitSection": true
			},
			{
				"typeOfSection": 0,
				"sectionNotes": [],
				"sectionBeats": 4,
				"altAnim": false,
				"gfSection": false,
				"bpm": 144,
				"changeBPM": false,
				"mustHitSection": true
			},
			{
				"typeOfSection": 0,
				"sectionNotes": [],
				"sectionBeats": 4,
				"altAnim": false,
				"gfSection": false,
				"bpm": 144,
				"changeBPM": false,
				"mustHitSection": true
			},
			{
				"typeOfSection": 0,
				"sectionNotes": [],
				"sectionBeats": 4,
				"altAnim": false,
				"gfSection": false,
				"bpm": 144,
				"changeBPM": false,
				"mustHitSection": true
			},
			{
				"sectionBeats": 4,
				"sectionNotes": [],
				"typeOfSection": 0,
				"gfSection": false,
				"altAnim": false,
				"mustHitSection": true,
				"changeBPM": false,
				"bpm": 144
			},
			{
				"sectionBeats": 4,
				"sectionNotes": [],
				"typeOfSection": 0,
				"gfSection": false,
				"altAnim": false,
				"mustHitSection": true,
				"changeBPM": false,
				"bpm": 144
			},
			{
				"sectionBeats": 4,
				"sectionNotes": [],
				"typeOfSection": 0,
				"gfSection": false,
				"altAnim": false,
				"mustHitSection": true,
				"changeBPM": false,
				"bpm": 144
			},
			{
				"sectionBeats": 4,
				"sectionNotes": [],
				"typeOfSection": 0,
				"gfSection": false,
				"altAnim": false,
				"mustHitSection": true,
				"changeBPM": false,
				"bpm": 144
			},
			{
				"sectionBeats": 4,
				"sectionNotes": [],
				"typeOfSection": 0,
				"gfSection": false,
				"altAnim": false,
				"mustHitSection": true,
				"changeBPM": false,
				"bpm": 144
			},
			{
				"sectionBeats": 4,
				"sectionNotes": [],
				"typeOfSection": 0,
				"gfSection": false,
				"altAnim": false,
				"mustHitSection": true,
				"changeBPM": false,
				"bpm": 144
			},
			{
				"sectionBeats": 4,
				"sectionNotes": [],
				"typeOfSection": 0,
				"gfSection": false,
				"altAnim": false,
				"mustHitSection": true,
				"changeBPM": false,
				"bpm": 144
			},
			{
				"sectionBeats": 4,
				"sectionNotes": [],
				"typeOfSection": 0,
				"gfSection": false,
				"altAnim": false,
				"mustHitSection": true,
				"changeBPM": false,
				"bpm": 144
			},
			{
				"sectionBeats": 4,
				"sectionNotes": [],
				"typeOfSection": 0,
				"gfSection": false,
				"altAnim": false,
				"mustHitSection": true,
				"changeBPM": false,
				"bpm": 144
			},
			{
				"sectionBeats": 4,
				"sectionNotes": [],
				"typeOfSection": 0,
				"gfSection": false,
				"altAnim": false,
				"mustHitSection": true,
				"changeBPM": false,
				"bpm": 144
			},
			{
				"sectionBeats": 4,
				"sectionNotes": [],
				"typeOfSection": 0,
				"gfSection": false,
				"altAnim": false,
				"mustHitSection": true,
				"changeBPM": false,
				"bpm": 144
			},
			{
				"sectionBeats": 4,
				"sectionNotes": [],
				"typeOfSection": 0,
				"gfSection": false,
				"altAnim": false,
				"mustHitSection": true,
				"changeBPM": false,
				"bpm": 144
			},
			{
				"sectionBeats": 4,
				"sectionNotes": [],
				"typeOfSection": 0,
				"gfSection": false,
				"altAnim": false,
				"mustHitSection": true,
				"changeBPM": false,
				"bpm": 144
			}
		],
		"gfVersion": "gf",
		"splashSkin": "noteSplashes",
		"song": "imagination",
		"validScore": true,
		"stage": "blank",
		"arrowSkin": "",
		"needsVoices": true,
		"speed": 2.3,
		"bpm": 144
	}
}