{
	"animations": [
		{
			"offsets": [
				35,
				59
			],
			"loop": false,
			"fps": 24,
			"anim": "singLEFT",
			"indices": [],
			"name": "SCRATCH CAT LEFT"
		},
		{
			"offsets": [
				-118,
				23
			],
			"loop": false,
			"fps": 24,
			"anim": "singRIGHT",
			"indices": [],
			"name": "SCRATCH CAT RIGHT"
		},
		{
			"offsets": [
				-48,
				-50
			],
			"loop": false,
			"fps": 24,
			"anim": "singDOWN",
			"indices": [],
			"name": "SCRATCH CAT DOWN"
		},
		{
			"offsets": [
				105,
				242
			],
			"loop": false,
			"fps": 24,
			"anim": "singUP",
			"indices": [],
			"name": "SCRATCH CAT UP"
		},
		{
			"loop": false,
			"offsets": [
				-78,
				67
			],
			"anim": "danceRight",
			"fps": 24,
			"name": "SCRATCH CAT IDLE",
			"indices": [
				15,
				16,
				17,
				18,
				19,
				20,
				21,
				22,
				23,
				24,
				25,
				26,
				27,
				28
			]
		},
		{
			"loop": false,
			"offsets": [
				-78,
				67
			],
			"anim": "danceLeft",
			"fps": 24,
			"name": "SCRATCH CAT IDLE",
			"indices": [
				1,
				2,
				3,
				4,
				5,
				6,
				7,
				8,
				9,
				10,
				11,
				12,
				13,
				14
			]
		},
		{
			"loop": false,
			"offsets": [
				-65,
				80
			],
			"anim": "meow",
			"fps": 24,
			"name": "MEOW",
			"indices": []
		}
	],
	"no_antialiasing": false,
	"image": "characters/scratch cat",
	"position": [
		0,
		300
	],
	"healthicon": "scratchcat",
	"flip_x": false,
	"healthbar_colors": [
		250,
		165,
		29
	],
	"camera_position": [
		50,
		-30
	],
	"sing_duration": 4,
	"scale": 1
}